"id_arrendatario","sexo","edad","provincia_nacimiento","cantidad_viviendas_publicadas","calificacion_media","fecha_registro","nivel_verificacion","es_superanfitrion","tiempo_respuesta_hrs","anos_experiencia","politica_cancelacion"
1,"Masculino",60,"Formosa",10,2.6,2018-06-12,"Intermedio",FALSE,24,14,"Moderada"
2,"Femenino",26,"Río Negro",5,1.2,2022-10-03,"Básico",FALSE,1,3,"Moderada"
3,"Masculino",52,"Salta",8,4.5,2018-08-21,"Completo",FALSE,8,6,"Moderada"
4,"Masculino",29,"Mendoza",10,1.3,2018-11-17,"Intermedio",FALSE,1,13,"Flexible"
5,"Femenino",37,"Misiones",4,4.7,2022-06-15,"Básico",TRUE,4,5,"Estricta"
6,"Masculino",65,"Córdoba",10,1.6,2019-06-18,"Básico",TRUE,1,7,"Moderada"
7,"Masculino",66,"Córdoba",6,1.4,2020-01-25,"Básico",FALSE,4,2,"Flexible"
8,"Femenino",52,"Tierra del Fuego",1,2.1,2021-02-27,"Completo",FALSE,12,14,"Flexible"
9,"Masculino",46,"La Pampa",6,1.4,2023-03-24,"Intermedio",TRUE,1,2,"Flexible"
10,"Femenino",44,"Mendoza",8,1.5,2020-08-30,"Intermedio",FALSE,2,13,"Flexible"
11,"Masculino",48,"Buenos Aires",7,4.1,2022-06-05,"Intermedio",FALSE,4,3,"Estricta"
12,"Masculino",35,"Buenos Aires",2,1.3,2022-04-28,"Intermedio",FALSE,12,11,"Moderada"
13,"Femenino",29,"Buenos Aires",5,2,2020-10-03,"Completo",FALSE,1,15,"Estricta"
14,"Masculino",53,"Formosa",6,4,2019-12-06,"Básico",FALSE,24,1,"Flexible"
15,"Femenino",43,"Chaco",7,2.3,2023-09-19,"Intermedio",FALSE,4,7,"Estricta"
16,"Masculino",69,"La Pampa",7,3.6,2021-04-20,"Completo",FALSE,8,2,"Flexible"
17,"Masculino",58,"San Juan",2,2.7,2017-08-08,"Intermedio",FALSE,1,1,"Moderada"
18,"Masculino",52,"Tucumán",3,2.3,2017-11-23,"Básico",FALSE,8,11,"Estricta"
19,"Masculino",29,"San Luis",3,1.3,2021-06-09,"Intermedio",TRUE,12,2,"Estricta"
20,"Femenino",31,"Misiones",1,3.9,2023-05-17,"Básico",TRUE,2,6,"Estricta"
21,"Masculino",39,"Córdoba",6,1.3,2020-02-18,"Completo",FALSE,24,13,"Estricta"
22,"Masculino",52,"Jujuy",1,3.8,2024-03-07,"Completo",FALSE,24,1,"Estricta"
23,"Femenino",25,"Santa Fe",9,2.2,2024-08-06,"Completo",FALSE,4,1,"Flexible"
24,"Femenino",37,"Chubut",1,1.3,2021-04-22,"Básico",FALSE,4,6,"Moderada"
25,"Masculino",68,"San Juan",9,4.4,2021-02-01,"Completo",FALSE,2,9,"Estricta"
26,"Masculino",27,"CABA",9,1.2,2018-10-10,"Básico",FALSE,12,10,"Flexible"
27,"Masculino",57,"Tucumán",6,4.6,2023-11-30,"Básico",TRUE,48,2,"Flexible"
28,"Femenino",54,"Entre Ríos",3,4.9,2020-10-25,"Completo",FALSE,4,6,"Flexible"
29,"Masculino",41,"Córdoba",10,1.9,2021-09-15,"Básico",FALSE,8,3,"Estricta"
30,"Femenino",62,"Entre Ríos",10,3.2,2019-04-11,"Completo",FALSE,24,7,"Flexible"
31,"Femenino",47,"La Rioja",7,4.2,2021-01-03,"Intermedio",FALSE,24,12,"Estricta"
32,"Femenino",25,"Mendoza",7,3.5,2017-04-02,"Completo",FALSE,4,7,"Moderada"
33,"Femenino",26,"Mendoza",7,1.7,2020-12-21,"Completo",FALSE,12,5,"Moderada"
34,"Femenino",60,"Corrientes",7,2.8,2023-12-02,"Completo",FALSE,24,11,"Estricta"
35,"Femenino",50,"Chubut",6,4,2018-12-17,"Básico",FALSE,12,12,"Estricta"
36,"Masculino",57,"Chubut",10,1.1,2019-12-27,"Completo",FALSE,4,15,"Estricta"
37,"Masculino",75,"La Rioja",9,3.5,2020-02-04,"Básico",FALSE,12,6,"Estricta"
38,"Femenino",63,"Río Negro",10,4.8,2017-06-09,"Completo",TRUE,12,6,"Moderada"
39,"Femenino",71,"Chaco",3,1.3,2020-10-20,"Básico",FALSE,2,8,"Moderada"
40,"Masculino",25,"Santiago del Estero",4,2.2,2017-06-02,"Completo",FALSE,48,2,"Moderada"
41,"Masculino",26,"Catamarca",8,4.6,2022-12-18,"Básico",FALSE,2,15,"Flexible"
42,"Femenino",54,"Chaco",9,4.3,2019-02-01,"Básico",FALSE,24,10,"Moderada"
43,"Femenino",73,"Formosa",1,3.1,2023-06-01,"Intermedio",FALSE,48,4,"Estricta"
44,"Masculino",39,"Catamarca",9,5,2019-11-11,"Completo",FALSE,4,10,"Estricta"
45,"Femenino",67,"Santa Fe",5,3.8,2018-07-27,"Básico",FALSE,4,11,"Estricta"
46,"Femenino",29,"San Juan",5,1.3,2021-08-10,"Básico",FALSE,12,1,"Estricta"
47,"Masculino",41,"Salta",10,4.7,2019-12-08,"Completo",FALSE,8,1,"Estricta"
48,"Masculino",69,"La Pampa",6,4.9,2021-04-04,"Intermedio",FALSE,48,2,"Moderada"
49,"Masculino",29,"CABA",9,4.1,2019-05-18,"Intermedio",FALSE,1,6,"Moderada"
50,"Masculino",37,"Formosa",9,5,2020-07-08,"Básico",TRUE,8,13,"Flexible"
51,"Femenino",62,"Corrientes",9,2.8,2021-09-23,"Intermedio",FALSE,4,13,"Flexible"
52,"Femenino",62,"Córdoba",1,3.5,2023-03-06,"Intermedio",FALSE,24,13,"Moderada"
53,"Masculino",33,"Santiago del Estero",3,1.3,2018-07-30,"Intermedio",FALSE,2,9,"Moderada"
54,"Masculino",54,"San Luis",2,1.7,2019-01-02,"Intermedio",FALSE,24,3,"Flexible"
55,"Femenino",41,"Buenos Aires",9,3.1,2018-03-04,"Completo",FALSE,24,3,"Flexible"
56,"Masculino",46,"CABA",2,4.6,2019-10-18,"Intermedio",FALSE,4,9,"Moderada"
57,"Femenino",28,"La Rioja",2,3.9,2022-12-17,"Completo",FALSE,24,10,"Estricta"
58,"Masculino",31,"Jujuy",10,4.7,2023-12-10,"Intermedio",TRUE,4,10,"Moderada"
59,"Masculino",46,"Corrientes",4,1.8,2021-05-16,"Intermedio",FALSE,8,12,"Estricta"
60,"Masculino",39,"Salta",5,3.6,2024-03-28,"Básico",FALSE,2,1,"Moderada"
61,"Femenino",61,"La Rioja",9,2,2024-01-26,"Básico",TRUE,12,1,"Flexible"
62,"Masculino",44,"San Juan",5,3.8,2024-02-25,"Intermedio",TRUE,8,8,"Estricta"
63,"Masculino",59,"Formosa",1,2.4,2019-10-17,"Básico",FALSE,8,12,"Flexible"
64,"Masculino",71,"Santa Fe",3,4.8,2017-11-25,"Completo",FALSE,12,13,"Flexible"
65,"Femenino",37,"Río Negro",8,4.1,2022-03-12,"Básico",TRUE,4,6,"Estricta"
66,"Femenino",48,"Buenos Aires",5,2.9,2019-11-05,"Intermedio",FALSE,2,3,"Estricta"
67,"Masculino",44,"San Luis",10,2.7,2019-01-23,"Intermedio",FALSE,2,5,"Estricta"
68,"Femenino",67,"La Rioja",8,3.9,2020-04-05,"Completo",FALSE,2,13,"Estricta"
69,"Masculino",36,"San Luis",5,4.1,2018-04-08,"Intermedio",FALSE,8,5,"Moderada"
70,"Femenino",26,"Salta",5,2,2022-12-02,"Intermedio",FALSE,4,9,"Moderada"
71,"Masculino",63,"Mendoza",6,2.3,2017-11-21,"Completo",FALSE,24,15,"Moderada"
72,"Femenino",53,"La Rioja",8,4,2024-10-22,"Básico",FALSE,8,13,"Moderada"
73,"Femenino",55,"Corrientes",8,1.7,2022-09-15,"Intermedio",FALSE,1,13,"Moderada"
74,"Femenino",37,"Buenos Aires",9,3.8,2021-04-28,"Intermedio",FALSE,4,2,"Flexible"
75,"Masculino",67,"Catamarca",7,4.8,2020-10-07,"Básico",FALSE,24,13,"Estricta"
76,"Femenino",37,"Tierra del Fuego",5,4.7,2023-05-20,"Intermedio",FALSE,12,9,"Flexible"
77,"Masculino",63,"Chubut",2,2.7,2020-02-28,"Básico",FALSE,24,5,"Moderada"
78,"Masculino",70,"Río Negro",9,5,2017-01-24,"Básico",FALSE,24,15,"Moderada"
79,"Masculino",49,"Tucumán",9,3,2023-10-15,"Intermedio",TRUE,2,8,"Flexible"
80,"Masculino",49,"Mendoza",1,3,2023-12-05,"Completo",TRUE,2,11,"Moderada"
81,"Masculino",54,"San Juan",9,2.9,2020-03-04,"Completo",FALSE,24,9,"Estricta"
82,"Masculino",28,"La Pampa",10,3.4,2021-09-19,"Básico",FALSE,8,5,"Moderada"
83,"Femenino",43,"Salta",10,3.4,2024-03-10,"Básico",FALSE,1,12,"Flexible"
84,"Masculino",75,"Santiago del Estero",4,2.9,2017-09-28,"Intermedio",TRUE,24,2,"Flexible"
85,"Masculino",69,"Santa Fe",3,3.7,2020-01-20,"Completo",TRUE,8,13,"Estricta"
86,"Femenino",43,"Santiago del Estero",9,2.3,2024-06-28,"Intermedio",FALSE,2,15,"Moderada"
87,"Femenino",69,"Mendoza",2,2.4,2023-02-20,"Completo",FALSE,2,15,"Flexible"
88,"Femenino",60,"Misiones",3,1.1,2022-12-26,"Completo",FALSE,2,2,"Flexible"
89,"Masculino",63,"San Juan",7,2.2,2017-12-16,"Básico",FALSE,12,2,"Moderada"
90,"Femenino",44,"Catamarca",7,4.3,2019-06-15,"Intermedio",FALSE,24,10,"Estricta"
91,"Femenino",57,"Tucumán",10,2,2020-03-11,"Básico",FALSE,2,12,"Estricta"
92,"Masculino",70,"Mendoza",4,1,2022-03-13,"Básico",FALSE,24,2,"Flexible"
93,"Femenino",69,"Chubut",6,1.3,2020-02-04,"Intermedio",TRUE,2,14,"Estricta"
94,"Masculino",63,"Córdoba",7,3.7,2021-08-22,"Intermedio",TRUE,4,2,"Moderada"
95,"Masculino",66,"CABA",6,3.3,2022-08-16,"Intermedio",TRUE,8,7,"Flexible"
96,"Masculino",71,"San Luis",9,4.7,2023-09-17,"Completo",FALSE,12,8,"Moderada"
97,"Femenino",67,"Santiago del Estero",4,1.8,2017-01-02,"Completo",FALSE,4,11,"Moderada"
98,"Masculino",68,"Buenos Aires",5,4.4,2024-10-23,"Completo",FALSE,48,6,"Moderada"
99,"Masculino",71,"Santa Cruz",9,1.3,2023-02-14,"Intermedio",TRUE,2,6,"Estricta"
100,"Femenino",34,"Formosa",9,1.8,2021-12-14,"Básico",TRUE,24,3,"Flexible"
101,"Masculino",29,"Buenos Aires",3,1.2,2020-06-12,"Completo",FALSE,48,9,"Flexible"
102,"Masculino",70,"Chaco",2,2.6,2024-01-29,"Completo",FALSE,8,7,"Estricta"
103,"Femenino",32,"Río Negro",8,3.5,2018-08-14,"Completo",FALSE,4,15,"Moderada"
104,"Femenino",40,"Tierra del Fuego",6,1.2,2024-09-03,"Básico",FALSE,2,11,"Moderada"
105,"Femenino",43,"San Luis",4,2.8,2019-10-07,"Básico",FALSE,24,11,"Moderada"
106,"Masculino",37,"Corrientes",5,3.7,2020-11-28,"Intermedio",FALSE,1,13,"Flexible"
107,"Femenino",64,"Formosa",3,2.6,2023-03-23,"Completo",FALSE,2,3,"Moderada"
108,"Femenino",46,"San Juan",10,3.1,2021-11-11,"Completo",FALSE,8,13,"Flexible"
109,"Masculino",59,"Santa Cruz",3,4.4,2019-08-15,"Intermedio",FALSE,48,9,"Moderada"
110,"Femenino",41,"Misiones",3,4.1,2024-01-09,"Completo",TRUE,8,14,"Flexible"
111,"Femenino",68,"La Rioja",10,3.9,2018-11-15,"Básico",TRUE,48,10,"Estricta"
112,"Femenino",39,"Chubut",6,2,2017-12-01,"Intermedio",TRUE,4,2,"Estricta"
113,"Femenino",54,"Formosa",2,4.7,2024-10-06,"Completo",FALSE,2,13,"Estricta"
114,"Masculino",29,"Neuquén",6,1.1,2020-12-31,"Básico",FALSE,4,4,"Estricta"
115,"Femenino",40,"La Pampa",1,4.7,2021-10-28,"Básico",FALSE,4,1,"Flexible"
116,"Masculino",37,"Chubut",8,1,2022-02-17,"Completo",FALSE,4,8,"Moderada"
117,"Femenino",35,"Formosa",8,3.6,2021-08-19,"Básico",FALSE,2,14,"Estricta"
118,"Masculino",61,"La Pampa",10,4.4,2017-08-12,"Básico",FALSE,4,4,"Moderada"
119,"Masculino",35,"Mendoza",9,1.7,2017-05-22,"Completo",FALSE,12,10,"Flexible"
120,"Femenino",68,"San Juan",8,2.7,2021-03-17,"Completo",FALSE,48,2,"Flexible"
121,"Masculino",66,"Santa Fe",7,3.4,2021-06-12,"Básico",TRUE,24,14,"Flexible"
122,"Femenino",56,"CABA",7,3.7,2021-12-23,"Completo",FALSE,24,9,"Moderada"
123,"Femenino",74,"Chubut",10,1.5,2020-06-22,"Completo",FALSE,2,12,"Moderada"
124,"Masculino",73,"Salta",4,3.9,2018-04-10,"Básico",FALSE,4,11,"Moderada"
125,"Femenino",57,"Santa Cruz",8,4.2,2024-09-29,"Completo",FALSE,48,1,"Estricta"
126,"Masculino",32,"Chaco",9,1.5,2018-01-24,"Básico",FALSE,1,7,"Estricta"
127,"Masculino",34,"Formosa",5,4.8,2024-09-30,"Completo",TRUE,2,10,"Flexible"
128,"Masculino",27,"Salta",6,1.8,2018-11-22,"Completo",TRUE,4,6,"Moderada"
129,"Masculino",68,"Salta",4,1.1,2022-03-03,"Básico",FALSE,2,10,"Moderada"
130,"Masculino",67,"Entre Ríos",6,4.4,2022-04-03,"Completo",FALSE,2,8,"Flexible"
131,"Femenino",37,"Corrientes",2,1.5,2017-05-18,"Básico",FALSE,4,2,"Moderada"
132,"Femenino",63,"San Luis",4,3.9,2021-03-17,"Básico",FALSE,48,4,"Flexible"
133,"Masculino",65,"Córdoba",8,3.1,2018-10-28,"Completo",FALSE,2,10,"Estricta"
134,"Masculino",40,"Tierra del Fuego",3,3.5,2018-01-12,"Completo",FALSE,8,15,"Flexible"
135,"Masculino",74,"Córdoba",7,3.6,2021-12-07,"Completo",FALSE,1,8,"Moderada"
136,"Masculino",30,"Salta",2,3,2017-06-28,"Intermedio",FALSE,4,11,"Moderada"
137,"Femenino",62,"Catamarca",1,5,2023-06-30,"Básico",FALSE,12,3,"Flexible"
138,"Masculino",26,"Río Negro",5,1.8,2022-08-23,"Intermedio",FALSE,24,11,"Moderada"
139,"Femenino",68,"Río Negro",3,4.1,2023-01-28,"Completo",FALSE,8,13,"Flexible"
140,"Masculino",48,"Corrientes",6,1.5,2020-12-06,"Intermedio",FALSE,1,3,"Estricta"
141,"Masculino",59,"La Pampa",3,3,2022-10-31,"Básico",FALSE,8,11,"Estricta"
142,"Masculino",62,"San Luis",10,2,2020-06-03,"Completo",FALSE,2,9,"Estricta"
143,"Masculino",42,"San Juan",4,1.8,2018-08-15,"Completo",FALSE,2,10,"Moderada"
144,"Femenino",30,"Tucumán",10,2.3,2017-04-22,"Completo",TRUE,24,5,"Moderada"
145,"Femenino",61,"Córdoba",3,1.8,2018-09-28,"Básico",TRUE,1,9,"Moderada"
146,"Femenino",38,"Santa Fe",5,1.6,2018-01-06,"Intermedio",FALSE,8,14,"Estricta"
147,"Masculino",59,"Formosa",1,2.2,2018-03-29,"Básico",FALSE,1,9,"Moderada"
148,"Femenino",59,"Mendoza",4,5,2019-05-17,"Básico",FALSE,48,6,"Flexible"
149,"Masculino",39,"Córdoba",3,4.8,2021-12-26,"Básico",FALSE,1,7,"Moderada"
150,"Masculino",53,"Corrientes",4,3,2017-03-31,"Completo",FALSE,24,2,"Flexible"
151,"Masculino",50,"Misiones",4,3.1,2023-01-15,"Básico",FALSE,12,8,"Estricta"
152,"Masculino",75,"Catamarca",10,3.6,2021-08-20,"Completo",FALSE,4,5,"Flexible"
153,"Masculino",52,"Misiones",8,1.9,2023-11-09,"Completo",FALSE,2,2,"Moderada"
154,"Femenino",64,"Santa Cruz",5,3.5,2021-02-11,"Básico",FALSE,12,5,"Moderada"
155,"Femenino",66,"Santa Cruz",5,1,2017-03-02,"Intermedio",FALSE,2,15,"Flexible"
156,"Masculino",71,"San Luis",3,1.5,2021-07-25,"Completo",FALSE,12,3,"Estricta"
157,"Femenino",57,"Mendoza",4,1,2019-01-28,"Básico",TRUE,48,7,"Estricta"
158,"Masculino",50,"Formosa",8,4.5,2022-06-02,"Intermedio",TRUE,1,7,"Estricta"
159,"Femenino",28,"Santiago del Estero",5,1.8,2022-11-10,"Intermedio",FALSE,24,1,"Estricta"
160,"Masculino",43,"Río Negro",9,4.8,2019-08-19,"Básico",FALSE,12,9,"Flexible"
161,"Masculino",42,"San Luis",3,1.5,2022-08-19,"Básico",FALSE,12,1,"Flexible"
162,"Femenino",75,"Buenos Aires",7,1.9,2024-05-08,"Intermedio",FALSE,4,15,"Flexible"
163,"Masculino",54,"Chubut",1,1.5,2019-08-28,"Completo",TRUE,1,2,"Estricta"
164,"Femenino",68,"Córdoba",9,3.5,2018-11-26,"Básico",FALSE,8,14,"Flexible"
165,"Masculino",37,"La Pampa",1,4.8,2021-03-17,"Completo",FALSE,24,11,"Flexible"
166,"Masculino",58,"Chubut",1,1.8,2024-11-21,"Básico",FALSE,1,14,"Moderada"
167,"Femenino",44,"Catamarca",8,3.5,2020-07-08,"Intermedio",FALSE,24,3,"Estricta"
168,"Masculino",35,"San Luis",6,1.6,2018-11-05,"Intermedio",FALSE,4,15,"Flexible"
169,"Masculino",56,"San Luis",10,2.2,2020-11-18,"Completo",FALSE,2,1,"Moderada"
170,"Masculino",66,"Buenos Aires",9,2.5,2020-06-15,"Básico",FALSE,8,4,"Estricta"
171,"Femenino",64,"La Rioja",10,2.6,2020-10-02,"Completo",FALSE,12,7,"Flexible"
172,"Femenino",47,"Chaco",8,3.4,2018-01-09,"Completo",FALSE,24,5,"Estricta"
173,"Femenino",34,"Corrientes",6,2.3,2024-03-01,"Básico",FALSE,8,6,"Moderada"
174,"Femenino",69,"La Pampa",7,4.9,2022-12-04,"Completo",TRUE,1,13,"Flexible"
175,"Femenino",67,"Entre Ríos",5,1.5,2021-11-30,"Intermedio",FALSE,2,3,"Estricta"
176,"Masculino",71,"Catamarca",5,1.2,2024-03-14,"Básico",FALSE,12,7,"Flexible"
177,"Masculino",35,"La Rioja",1,3.3,2023-11-18,"Básico",FALSE,4,10,"Estricta"
178,"Femenino",47,"Santiago del Estero",9,4.6,2017-09-19,"Completo",FALSE,4,15,"Moderada"
179,"Masculino",27,"Tucumán",5,1.6,2022-01-18,"Intermedio",FALSE,48,4,"Moderada"
180,"Femenino",63,"Jujuy",10,3.7,2024-11-14,"Intermedio",TRUE,1,2,"Estricta"
181,"Femenino",27,"Chubut",7,4.8,2021-07-16,"Intermedio",FALSE,1,6,"Moderada"
182,"Masculino",73,"Chaco",8,2.1,2023-11-23,"Completo",FALSE,8,4,"Flexible"
183,"Femenino",35,"San Luis",2,4,2019-02-12,"Intermedio",TRUE,2,6,"Flexible"
184,"Femenino",51,"Salta",4,2.9,2017-08-31,"Intermedio",FALSE,1,4,"Estricta"
185,"Femenino",47,"Chubut",8,2.2,2023-07-31,"Básico",FALSE,8,1,"Estricta"
186,"Femenino",69,"Catamarca",6,2.8,2024-09-28,"Completo",FALSE,2,14,"Flexible"
187,"Masculino",46,"Tucumán",6,1.3,2019-01-18,"Básico",FALSE,8,13,"Estricta"
188,"Femenino",40,"Neuquén",1,4.1,2024-01-21,"Intermedio",FALSE,48,5,"Moderada"
189,"Femenino",63,"La Rioja",3,2.2,2022-12-08,"Completo",TRUE,8,9,"Estricta"
190,"Femenino",32,"Tucumán",8,4.3,2022-04-29,"Básico",FALSE,2,11,"Moderada"
191,"Masculino",27,"Jujuy",10,5,2017-05-25,"Intermedio",FALSE,8,12,"Moderada"
192,"Femenino",31,"Salta",1,3.6,2018-12-20,"Básico",FALSE,48,13,"Moderada"
193,"Femenino",72,"Santa Cruz",1,4.9,2018-03-15,"Básico",FALSE,24,5,"Moderada"
194,"Masculino",52,"San Juan",4,2.2,2018-12-06,"Intermedio",TRUE,12,11,"Flexible"
195,"Femenino",60,"Santiago del Estero",4,2.9,2021-03-29,"Completo",FALSE,8,13,"Moderada"
196,"Femenino",49,"Tucumán",9,1.9,2019-10-08,"Completo",FALSE,8,9,"Flexible"
197,"Femenino",37,"Santa Cruz",4,4.2,2021-12-04,"Completo",FALSE,48,12,"Flexible"
198,"Femenino",49,"Córdoba",6,4.9,2017-08-20,"Básico",FALSE,12,2,"Estricta"
199,"Femenino",45,"Tucumán",2,2.7,2017-12-02,"Intermedio",FALSE,12,14,"Estricta"
200,"Masculino",53,"La Rioja",1,4.5,2019-08-04,"Intermedio",TRUE,24,13,"Moderada"
201,"Masculino",37,"Corrientes",5,2.1,2021-06-27,"Intermedio",FALSE,48,1,"Estricta"
202,"Masculino",44,"Santa Cruz",10,3.9,2024-04-19,"Completo",TRUE,48,13,"Moderada"
203,"Masculino",68,"Santa Cruz",1,3.9,2023-10-22,"Básico",FALSE,48,1,"Moderada"
204,"Femenino",47,"Salta",10,2.3,2021-05-30,"Básico",FALSE,8,3,"Moderada"
205,"Femenino",55,"Tierra del Fuego",9,4.1,2018-11-23,"Completo",FALSE,12,15,"Moderada"
206,"Masculino",61,"Buenos Aires",2,4.3,2018-06-01,"Intermedio",FALSE,12,12,"Estricta"
207,"Masculino",39,"Mendoza",3,4.3,2018-07-24,"Intermedio",FALSE,2,7,"Flexible"
208,"Masculino",67,"Formosa",9,3.7,2019-06-09,"Completo",FALSE,48,1,"Flexible"
209,"Masculino",57,"Corrientes",7,1.8,2020-03-18,"Intermedio",TRUE,1,1,"Flexible"
210,"Masculino",41,"Jujuy",6,1.9,2024-02-22,"Básico",FALSE,4,3,"Flexible"
211,"Masculino",36,"Santa Fe",10,3.7,2020-08-09,"Intermedio",TRUE,4,3,"Estricta"
212,"Femenino",48,"Córdoba",6,3.9,2021-04-05,"Básico",FALSE,1,1,"Estricta"
213,"Masculino",69,"Río Negro",3,4.2,2022-03-08,"Intermedio",FALSE,24,2,"Estricta"
214,"Femenino",70,"Tucumán",9,4.8,2022-05-25,"Completo",FALSE,48,2,"Estricta"
215,"Femenino",49,"La Rioja",3,4.8,2023-12-04,"Intermedio",TRUE,4,6,"Estricta"
216,"Masculino",66,"Neuquén",5,3.9,2023-11-27,"Completo",FALSE,4,10,"Moderada"
217,"Masculino",68,"Neuquén",1,1.3,2021-01-28,"Intermedio",FALSE,8,13,"Moderada"
218,"Femenino",60,"San Luis",3,2.7,2017-03-04,"Intermedio",TRUE,2,8,"Moderada"
219,"Masculino",72,"Entre Ríos",3,3.4,2022-10-05,"Básico",FALSE,2,10,"Flexible"
220,"Femenino",51,"Santa Fe",6,4.1,2021-12-10,"Completo",TRUE,24,7,"Flexible"
221,"Masculino",41,"Chaco",7,2,2024-07-23,"Básico",TRUE,4,10,"Flexible"
222,"Femenino",61,"Entre Ríos",8,2.2,2020-03-31,"Completo",FALSE,8,2,"Flexible"
223,"Masculino",41,"San Luis",9,2.8,2017-03-12,"Completo",FALSE,1,2,"Moderada"
224,"Masculino",66,"Chaco",9,2.8,2023-08-24,"Completo",FALSE,8,11,"Flexible"
225,"Masculino",51,"Salta",10,3,2022-07-24,"Completo",FALSE,4,6,"Moderada"
226,"Femenino",71,"San Juan",7,2.5,2022-12-22,"Completo",TRUE,12,15,"Moderada"
227,"Femenino",28,"Buenos Aires",8,4.1,2022-03-06,"Básico",FALSE,48,9,"Flexible"
228,"Femenino",54,"Salta",10,1.7,2021-04-18,"Intermedio",FALSE,12,5,"Estricta"
229,"Femenino",46,"Santa Cruz",5,4.1,2020-06-30,"Intermedio",FALSE,1,5,"Flexible"
230,"Femenino",59,"Tucumán",8,4.1,2017-04-28,"Básico",FALSE,12,5,"Moderada"
231,"Masculino",37,"Entre Ríos",2,3.9,2023-05-04,"Intermedio",FALSE,4,9,"Moderada"
232,"Masculino",62,"Chubut",10,2.3,2017-03-11,"Intermedio",FALSE,1,2,"Flexible"
233,"Femenino",47,"Santa Fe",2,3.9,2022-06-17,"Básico",FALSE,12,15,"Moderada"
234,"Masculino",29,"Tucumán",9,1.2,2023-10-29,"Completo",TRUE,4,1,"Estricta"
235,"Masculino",46,"La Pampa",3,2,2022-10-25,"Intermedio",FALSE,1,2,"Moderada"
236,"Femenino",49,"Neuquén",6,1.1,2024-04-14,"Básico",TRUE,4,5,"Flexible"
237,"Masculino",34,"Salta",1,2.2,2019-11-12,"Intermedio",FALSE,24,13,"Estricta"
238,"Femenino",55,"Tucumán",2,3.4,2018-01-05,"Intermedio",FALSE,24,13,"Estricta"
239,"Femenino",49,"Santa Fe",9,4.1,2020-08-07,"Intermedio",FALSE,8,8,"Estricta"
240,"Masculino",61,"Santa Cruz",6,4.4,2021-05-12,"Completo",FALSE,12,8,"Moderada"
241,"Masculino",52,"Misiones",3,1.9,2022-04-12,"Intermedio",FALSE,2,2,"Estricta"
242,"Masculino",66,"Santa Fe",2,1.5,2021-08-01,"Básico",TRUE,24,15,"Moderada"
243,"Masculino",66,"Buenos Aires",4,3.4,2024-10-12,"Intermedio",FALSE,48,3,"Moderada"
244,"Masculino",65,"San Luis",1,1.3,2020-04-13,"Intermedio",TRUE,1,2,"Estricta"
245,"Masculino",57,"Formosa",1,4.9,2023-04-07,"Intermedio",FALSE,8,9,"Estricta"
246,"Femenino",44,"Misiones",7,1.9,2018-08-21,"Intermedio",FALSE,48,14,"Moderada"
247,"Masculino",51,"Tucumán",3,4.2,2018-07-13,"Básico",FALSE,2,13,"Flexible"
248,"Masculino",72,"CABA",3,4,2022-03-20,"Básico",TRUE,48,13,"Estricta"
249,"Masculino",48,"Buenos Aires",5,4.1,2017-01-09,"Básico",FALSE,12,4,"Flexible"
250,"Masculino",35,"Catamarca",10,2.5,2018-07-03,"Básico",TRUE,12,15,"Flexible"
251,"Femenino",49,"San Juan",1,4.5,2020-10-26,"Completo",FALSE,24,12,"Moderada"
252,"Femenino",46,"Buenos Aires",4,4.4,2020-03-13,"Básico",FALSE,4,3,"Moderada"
253,"Femenino",57,"Salta",3,2.6,2017-12-31,"Básico",TRUE,12,8,"Flexible"
254,"Femenino",70,"Formosa",2,4.9,2017-01-27,"Intermedio",FALSE,24,1,"Estricta"
255,"Femenino",72,"Corrientes",3,4.2,2018-10-22,"Intermedio",TRUE,48,3,"Moderada"
256,"Femenino",31,"Corrientes",2,4.4,2019-03-23,"Intermedio",FALSE,2,10,"Estricta"
257,"Masculino",33,"Jujuy",1,2.6,2023-05-03,"Completo",FALSE,4,14,"Moderada"
258,"Masculino",36,"Santa Cruz",1,1.5,2024-04-12,"Intermedio",TRUE,48,14,"Estricta"
259,"Masculino",49,"Misiones",7,1.2,2019-05-12,"Intermedio",TRUE,8,9,"Estricta"
260,"Femenino",26,"Neuquén",4,4.7,2017-01-23,"Completo",FALSE,24,1,"Flexible"
261,"Masculino",67,"Buenos Aires",3,3.5,2019-09-17,"Básico",TRUE,8,4,"Moderada"
262,"Femenino",30,"Río Negro",6,3.2,2019-10-24,"Básico",FALSE,1,5,"Estricta"
263,"Femenino",61,"Santiago del Estero",7,2.5,2020-06-16,"Completo",TRUE,8,11,"Flexible"
264,"Femenino",56,"Santa Fe",6,1.6,2024-06-02,"Básico",FALSE,12,15,"Estricta"
265,"Femenino",56,"Tucumán",6,4.7,2020-09-02,"Completo",FALSE,4,4,"Moderada"
266,"Masculino",54,"Buenos Aires",1,2,2024-11-13,"Intermedio",FALSE,12,13,"Flexible"
267,"Femenino",29,"Salta",2,3.7,2018-04-10,"Completo",FALSE,12,12,"Flexible"
268,"Masculino",47,"Buenos Aires",5,3.6,2023-07-01,"Básico",FALSE,4,8,"Flexible"
269,"Masculino",47,"Entre Ríos",5,2.7,2024-09-16,"Completo",FALSE,4,4,"Estricta"
270,"Masculino",67,"Entre Ríos",8,2,2022-10-26,"Intermedio",FALSE,8,15,"Estricta"
271,"Masculino",57,"Corrientes",9,5,2017-11-15,"Completo",FALSE,4,1,"Moderada"
272,"Femenino",51,"Tucumán",8,3.6,2021-04-17,"Intermedio",FALSE,4,11,"Estricta"
273,"Masculino",55,"Misiones",3,1.6,2020-04-21,"Básico",FALSE,1,10,"Moderada"
274,"Femenino",68,"Jujuy",3,4.2,2022-09-10,"Completo",FALSE,1,8,"Estricta"
275,"Femenino",38,"Entre Ríos",3,1.9,2021-07-23,"Básico",TRUE,4,9,"Moderada"
276,"Femenino",61,"Río Negro",5,1.6,2023-06-25,"Intermedio",FALSE,8,13,"Moderada"
277,"Masculino",44,"Tierra del Fuego",7,1.5,2019-09-01,"Intermedio",FALSE,1,6,"Flexible"
278,"Femenino",55,"Tierra del Fuego",7,3.9,2021-03-25,"Intermedio",FALSE,4,9,"Estricta"
279,"Masculino",36,"San Juan",10,1.9,2017-03-05,"Intermedio",FALSE,4,2,"Flexible"
280,"Masculino",34,"Entre Ríos",9,1.4,2020-05-24,"Intermedio",TRUE,4,14,"Estricta"
281,"Masculino",53,"Tierra del Fuego",2,3.6,2020-08-29,"Intermedio",FALSE,12,10,"Estricta"
282,"Femenino",74,"Santa Fe",5,4.3,2024-03-27,"Intermedio",FALSE,24,4,"Flexible"
283,"Femenino",55,"Catamarca",5,3.6,2022-01-17,"Intermedio",FALSE,1,5,"Flexible"
284,"Masculino",29,"Río Negro",1,1.4,2018-05-21,"Completo",FALSE,8,2,"Moderada"
285,"Masculino",72,"Chubut",9,1.7,2020-04-30,"Intermedio",FALSE,24,6,"Flexible"
286,"Masculino",53,"Entre Ríos",4,5,2022-03-20,"Intermedio",FALSE,4,5,"Moderada"
287,"Masculino",75,"La Pampa",1,4.8,2022-09-14,"Completo",FALSE,1,3,"Moderada"
288,"Femenino",67,"Santa Fe",4,4.3,2019-05-05,"Completo",FALSE,4,2,"Moderada"
289,"Masculino",69,"Tucumán",6,2.4,2024-02-15,"Básico",FALSE,1,12,"Estricta"
290,"Femenino",71,"Santa Fe",6,5,2023-01-06,"Básico",FALSE,1,6,"Moderada"
291,"Femenino",42,"San Juan",9,3.9,2022-08-16,"Básico",FALSE,8,5,"Flexible"
292,"Femenino",51,"Río Negro",4,4.6,2023-11-08,"Básico",FALSE,8,8,"Estricta"
293,"Masculino",57,"Tierra del Fuego",8,2.5,2023-08-17,"Básico",FALSE,4,11,"Estricta"
294,"Femenino",40,"Santiago del Estero",7,5,2023-09-02,"Básico",FALSE,1,14,"Flexible"
295,"Masculino",50,"Jujuy",6,2.2,2017-01-22,"Básico",FALSE,24,8,"Flexible"
296,"Masculino",25,"Misiones",8,3.8,2023-01-06,"Intermedio",TRUE,1,2,"Flexible"
297,"Femenino",62,"La Pampa",9,4,2022-02-07,"Básico",FALSE,12,3,"Flexible"
298,"Femenino",35,"Santa Cruz",8,1.9,2022-05-14,"Básico",FALSE,24,8,"Moderada"
299,"Masculino",69,"Santa Cruz",6,1.7,2020-02-20,"Completo",FALSE,4,13,"Moderada"
300,"Masculino",27,"Santa Fe",1,2.7,2019-02-12,"Completo",FALSE,12,9,"Estricta"
301,"Femenino",29,"Buenos Aires",2,4.5,2022-09-27,"Intermedio",FALSE,12,11,"Estricta"
302,"Femenino",41,"Chubut",3,3.4,2022-09-27,"Completo",TRUE,4,4,"Moderada"
303,"Femenino",43,"Chaco",3,1,2018-01-06,"Completo",FALSE,8,10,"Flexible"
304,"Femenino",66,"Salta",1,3,2019-12-03,"Intermedio",FALSE,8,15,"Estricta"
305,"Femenino",54,"Formosa",10,1.2,2021-07-25,"Completo",FALSE,4,1,"Moderada"
306,"Femenino",29,"Tierra del Fuego",8,2.5,2022-06-25,"Básico",TRUE,8,11,"Flexible"
307,"Femenino",36,"Santiago del Estero",10,5,2019-12-29,"Básico",TRUE,4,13,"Moderada"
308,"Masculino",52,"Neuquén",4,3.4,2024-02-05,"Completo",FALSE,8,8,"Flexible"
309,"Masculino",63,"Río Negro",2,2.7,2018-07-14,"Intermedio",FALSE,48,4,"Estricta"
310,"Masculino",32,"Salta",5,4.9,2018-09-14,"Intermedio",FALSE,8,14,"Moderada"
311,"Masculino",70,"Misiones",2,4,2017-09-24,"Completo",TRUE,4,14,"Estricta"
312,"Femenino",46,"Santa Cruz",2,3.5,2021-09-23,"Completo",FALSE,48,11,"Moderada"
313,"Masculino",62,"Tierra del Fuego",9,1.6,2019-10-22,"Completo",FALSE,1,3,"Moderada"
314,"Masculino",26,"Córdoba",3,1.2,2019-11-09,"Básico",FALSE,8,11,"Moderada"
315,"Masculino",75,"San Juan",3,1.5,2022-05-04,"Completo",FALSE,24,10,"Moderada"
316,"Masculino",73,"Formosa",6,2.4,2024-08-25,"Básico",FALSE,12,13,"Moderada"
317,"Femenino",62,"Chubut",8,3.2,2019-09-19,"Completo",FALSE,48,5,"Flexible"
318,"Femenino",47,"Santiago del Estero",9,3.1,2018-10-25,"Básico",FALSE,1,7,"Moderada"
319,"Masculino",62,"Jujuy",1,3.9,2017-05-02,"Completo",FALSE,12,6,"Flexible"
320,"Masculino",45,"San Juan",7,4,2020-12-30,"Básico",TRUE,48,8,"Flexible"
321,"Masculino",47,"Buenos Aires",6,1.3,2017-04-18,"Básico",FALSE,2,10,"Flexible"
322,"Masculino",67,"Santa Cruz",1,3.6,2022-10-18,"Completo",FALSE,8,13,"Estricta"
323,"Masculino",31,"Mendoza",6,3,2019-10-03,"Completo",FALSE,1,14,"Moderada"
324,"Femenino",70,"Buenos Aires",1,1.6,2021-06-24,"Básico",TRUE,24,9,"Estricta"
325,"Masculino",34,"Jujuy",2,2.2,2018-04-09,"Intermedio",FALSE,1,8,"Estricta"
326,"Femenino",28,"Entre Ríos",4,3.7,2024-06-12,"Intermedio",TRUE,2,6,"Moderada"
327,"Femenino",62,"Entre Ríos",10,1.1,2019-05-14,"Intermedio",FALSE,1,10,"Flexible"
328,"Femenino",40,"Formosa",6,2,2023-01-05,"Intermedio",FALSE,2,5,"Moderada"
329,"Masculino",74,"Neuquén",9,3.7,2023-04-20,"Completo",FALSE,4,5,"Estricta"
330,"Femenino",69,"San Juan",9,4.7,2022-09-25,"Intermedio",FALSE,1,8,"Moderada"
331,"Masculino",49,"San Juan",1,2.8,2017-07-22,"Intermedio",FALSE,4,4,"Moderada"
332,"Femenino",48,"Río Negro",9,3.5,2021-07-13,"Básico",FALSE,1,15,"Moderada"
333,"Masculino",28,"Corrientes",1,2.3,2017-02-27,"Completo",FALSE,48,15,"Moderada"
334,"Masculino",65,"San Juan",10,3.8,2023-02-25,"Básico",FALSE,24,8,"Flexible"
335,"Masculino",55,"Chubut",5,1.1,2023-10-05,"Intermedio",FALSE,1,8,"Moderada"
336,"Masculino",34,"Santa Cruz",6,3.1,2024-03-30,"Básico",TRUE,24,12,"Moderada"
337,"Femenino",43,"San Luis",6,4.7,2018-11-25,"Intermedio",FALSE,1,14,"Estricta"
338,"Femenino",57,"Formosa",1,3.8,2022-07-13,"Completo",FALSE,1,2,"Moderada"
339,"Femenino",53,"Santa Fe",8,4,2021-10-01,"Intermedio",FALSE,12,12,"Moderada"
340,"Masculino",66,"Catamarca",5,2.9,2021-07-10,"Completo",FALSE,48,2,"Moderada"
341,"Femenino",44,"Tierra del Fuego",9,1.1,2021-10-22,"Completo",FALSE,4,12,"Moderada"
342,"Masculino",44,"Misiones",4,4.2,2024-09-24,"Completo",FALSE,12,11,"Moderada"
343,"Femenino",32,"Tierra del Fuego",7,1.3,2021-04-28,"Básico",TRUE,8,13,"Flexible"
344,"Masculino",55,"Neuquén",6,2.5,2024-10-06,"Básico",FALSE,2,2,"Moderada"
345,"Masculino",39,"La Rioja",2,4.7,2017-02-03,"Intermedio",TRUE,48,5,"Estricta"
346,"Masculino",25,"Mendoza",3,4.9,2018-09-25,"Básico",FALSE,4,11,"Moderada"
347,"Masculino",64,"Chaco",6,2.4,2017-05-31,"Completo",FALSE,48,12,"Estricta"
348,"Femenino",51,"Córdoba",2,3.9,2018-05-10,"Completo",FALSE,4,9,"Moderada"
349,"Masculino",33,"Salta",7,2.7,2017-09-13,"Básico",FALSE,4,14,"Flexible"
350,"Femenino",36,"Tierra del Fuego",4,2.7,2018-04-21,"Completo",FALSE,48,2,"Estricta"
351,"Masculino",74,"Salta",8,1.2,2024-12-09,"Básico",TRUE,4,9,"Estricta"
352,"Femenino",64,"Santiago del Estero",6,2.5,2021-05-06,"Completo",FALSE,24,15,"Estricta"
353,"Masculino",54,"Chubut",1,4.9,2018-05-12,"Completo",FALSE,12,3,"Estricta"
354,"Femenino",32,"CABA",10,2.7,2022-03-14,"Intermedio",FALSE,4,7,"Moderada"
355,"Masculino",55,"San Luis",9,4.5,2018-07-22,"Completo",FALSE,4,10,"Moderada"
356,"Femenino",58,"La Pampa",7,3.4,2020-09-07,"Completo",TRUE,48,14,"Flexible"
357,"Masculino",52,"Río Negro",6,3,2020-12-16,"Básico",FALSE,2,10,"Moderada"
358,"Masculino",44,"Santa Cruz",2,4.9,2018-03-01,"Completo",FALSE,8,9,"Estricta"
359,"Femenino",67,"San Juan",9,1.1,2020-12-11,"Básico",FALSE,12,6,"Flexible"
360,"Masculino",56,"Salta",1,2.9,2024-04-13,"Básico",TRUE,12,4,"Moderada"
361,"Masculino",69,"Buenos Aires",3,3.1,2020-03-18,"Completo",FALSE,1,15,"Flexible"
362,"Femenino",70,"Catamarca",8,2.9,2024-05-26,"Intermedio",FALSE,8,11,"Moderada"
363,"Femenino",40,"Corrientes",9,4.9,2019-11-19,"Intermedio",FALSE,12,12,"Moderada"
364,"Femenino",30,"Santa Cruz",7,1.6,2018-03-03,"Completo",FALSE,8,13,"Flexible"
365,"Femenino",69,"Formosa",2,1.7,2023-08-18,"Básico",FALSE,1,7,"Estricta"
366,"Masculino",33,"Chubut",1,3.4,2019-07-13,"Intermedio",FALSE,8,11,"Estricta"
367,"Masculino",37,"Formosa",3,4.2,2022-02-09,"Intermedio",FALSE,24,6,"Moderada"
368,"Masculino",41,"Entre Ríos",8,2.8,2020-10-06,"Básico",FALSE,8,3,"Moderada"
369,"Femenino",33,"Salta",1,4.7,2021-09-06,"Completo",FALSE,4,15,"Moderada"
370,"Femenino",45,"Chaco",9,3.2,2018-04-12,"Intermedio",FALSE,1,6,"Moderada"
371,"Femenino",71,"Tierra del Fuego",6,2.4,2020-04-08,"Completo",FALSE,2,8,"Estricta"
372,"Femenino",59,"Buenos Aires",9,4.8,2020-10-06,"Básico",FALSE,12,1,"Estricta"
373,"Masculino",44,"Chubut",3,3.7,2024-07-29,"Completo",TRUE,1,13,"Flexible"
374,"Masculino",73,"Chubut",6,1.6,2018-02-13,"Básico",FALSE,24,7,"Estricta"
375,"Masculino",60,"Salta",10,1.4,2019-03-20,"Intermedio",FALSE,12,11,"Moderada"
376,"Masculino",67,"Catamarca",2,3.4,2017-09-09,"Intermedio",FALSE,24,14,"Flexible"
377,"Masculino",55,"Buenos Aires",1,3.8,2020-06-12,"Intermedio",FALSE,1,12,"Estricta"
378,"Masculino",38,"Entre Ríos",1,3.8,2017-06-29,"Completo",FALSE,48,13,"Estricta"
379,"Masculino",36,"Santa Cruz",7,2.5,2024-03-06,"Completo",FALSE,1,1,"Flexible"
380,"Femenino",50,"Tierra del Fuego",7,1.1,2019-04-03,"Intermedio",TRUE,8,1,"Flexible"
381,"Masculino",60,"CABA",1,2.5,2021-05-22,"Básico",FALSE,8,11,"Flexible"
382,"Femenino",29,"Tucumán",5,1.7,2018-03-15,"Intermedio",TRUE,8,5,"Estricta"
383,"Masculino",34,"Tucumán",6,3.1,2018-01-19,"Básico",TRUE,8,14,"Estricta"
384,"Femenino",33,"CABA",10,3.1,2021-03-04,"Básico",FALSE,12,9,"Flexible"
385,"Masculino",42,"Río Negro",8,4.8,2020-01-24,"Intermedio",TRUE,8,11,"Moderada"
386,"Masculino",64,"San Luis",2,2.4,2017-04-18,"Intermedio",FALSE,1,14,"Flexible"
387,"Femenino",46,"Santa Fe",3,2,2020-04-18,"Básico",FALSE,1,5,"Flexible"
388,"Femenino",67,"Chaco",2,2.8,2024-08-01,"Intermedio",FALSE,12,7,"Moderada"
389,"Masculino",26,"Tucumán",9,4.6,2017-04-12,"Básico",FALSE,48,8,"Flexible"
390,"Femenino",69,"Tierra del Fuego",1,2.7,2021-06-19,"Intermedio",FALSE,12,3,"Estricta"
391,"Femenino",31,"Tierra del Fuego",6,4,2018-07-25,"Completo",FALSE,48,8,"Moderada"
392,"Masculino",25,"San Juan",1,3.2,2018-05-14,"Básico",FALSE,12,14,"Flexible"
393,"Femenino",54,"CABA",3,3.3,2017-04-01,"Intermedio",FALSE,2,9,"Estricta"
394,"Masculino",47,"Entre Ríos",4,4.1,2024-11-12,"Completo",FALSE,4,6,"Moderada"
395,"Masculino",54,"Formosa",1,4.3,2018-01-20,"Completo",FALSE,12,13,"Estricta"
396,"Femenino",65,"Santa Fe",9,3.7,2018-07-10,"Básico",FALSE,8,2,"Moderada"
397,"Masculino",35,"Santa Fe",6,1.2,2023-06-06,"Intermedio",TRUE,24,11,"Estricta"
398,"Masculino",58,"Río Negro",5,3.9,2022-01-17,"Básico",FALSE,8,3,"Estricta"
399,"Masculino",31,"Formosa",3,1.8,2019-07-02,"Intermedio",FALSE,1,3,"Moderada"
400,"Femenino",30,"Córdoba",4,1.7,2022-09-15,"Básico",TRUE,24,3,"Moderada"
401,"Femenino",69,"Santa Cruz",3,2.9,2019-04-18,"Básico",TRUE,48,9,"Estricta"
402,"Femenino",43,"CABA",8,4.6,2018-01-28,"Completo",FALSE,48,12,"Flexible"
403,"Femenino",45,"Santa Fe",9,2.4,2023-08-22,"Intermedio",FALSE,2,11,"Flexible"
404,"Masculino",56,"Corrientes",4,3.6,2024-02-18,"Básico",FALSE,12,11,"Estricta"
405,"Femenino",59,"Misiones",4,3.9,2019-09-12,"Completo",FALSE,24,2,"Estricta"
406,"Masculino",31,"Entre Ríos",4,4.3,2020-08-17,"Completo",FALSE,12,7,"Flexible"
407,"Masculino",61,"San Juan",8,4,2022-01-18,"Completo",FALSE,2,5,"Flexible"
408,"Femenino",27,"Santiago del Estero",5,1.6,2024-07-19,"Básico",FALSE,8,15,"Estricta"
409,"Masculino",58,"Entre Ríos",10,3.7,2017-08-08,"Intermedio",FALSE,2,6,"Moderada"
410,"Femenino",64,"San Juan",3,1.2,2023-10-02,"Intermedio",FALSE,1,4,"Estricta"
411,"Masculino",31,"La Pampa",6,3.6,2024-06-22,"Intermedio",FALSE,2,11,"Estricta"
412,"Masculino",55,"Neuquén",6,3.7,2022-05-24,"Básico",FALSE,48,1,"Flexible"
413,"Femenino",56,"Corrientes",1,4.1,2023-07-03,"Intermedio",FALSE,4,13,"Moderada"
414,"Femenino",73,"Santiago del Estero",9,3,2022-10-31,"Básico",TRUE,12,3,"Flexible"
415,"Masculino",66,"Chubut",6,4.8,2018-11-20,"Intermedio",FALSE,8,11,"Moderada"
416,"Masculino",56,"Chubut",9,4.7,2020-04-17,"Básico",FALSE,8,14,"Moderada"
417,"Femenino",38,"San Luis",10,1.7,2022-07-21,"Intermedio",FALSE,2,4,"Moderada"
418,"Femenino",37,"Entre Ríos",7,4,2020-10-26,"Intermedio",TRUE,48,14,"Estricta"
419,"Masculino",25,"San Luis",7,4.1,2024-07-16,"Básico",FALSE,12,7,"Flexible"
420,"Masculino",57,"CABA",9,4.7,2022-05-16,"Intermedio",FALSE,12,12,"Estricta"
421,"Femenino",74,"Santiago del Estero",4,1.3,2019-07-02,"Intermedio",FALSE,4,10,"Moderada"
422,"Femenino",70,"Chubut",3,3.7,2019-07-12,"Básico",TRUE,8,2,"Estricta"
423,"Femenino",69,"La Pampa",6,4.8,2024-06-15,"Completo",FALSE,12,4,"Flexible"
424,"Femenino",25,"Formosa",3,2.3,2018-07-24,"Completo",FALSE,12,13,"Estricta"
425,"Masculino",60,"Tucumán",1,2.1,2017-10-17,"Básico",FALSE,1,9,"Flexible"
426,"Masculino",25,"Entre Ríos",1,4.2,2024-07-12,"Intermedio",TRUE,4,12,"Estricta"
427,"Femenino",61,"Neuquén",6,3.7,2024-02-28,"Básico",TRUE,1,3,"Estricta"
428,"Masculino",70,"CABA",10,4.2,2019-08-03,"Básico",FALSE,2,13,"Flexible"
429,"Masculino",37,"Chubut",5,3.4,2023-12-06,"Básico",FALSE,1,10,"Moderada"
430,"Femenino",65,"Misiones",6,4.8,2020-11-30,"Básico",FALSE,1,6,"Moderada"
431,"Masculino",64,"Misiones",8,4.2,2021-01-11,"Intermedio",FALSE,12,6,"Flexible"
432,"Femenino",40,"Misiones",3,1.1,2022-08-30,"Intermedio",TRUE,1,3,"Flexible"
433,"Femenino",53,"CABA",10,3.3,2023-07-24,"Básico",TRUE,12,14,"Moderada"
434,"Masculino",34,"San Juan",1,3.1,2023-05-10,"Intermedio",FALSE,1,10,"Moderada"
435,"Femenino",74,"Mendoza",3,3.3,2024-03-04,"Intermedio",FALSE,12,15,"Estricta"
436,"Masculino",30,"Chubut",5,2.9,2019-05-04,"Básico",FALSE,8,15,"Estricta"
437,"Masculino",29,"Río Negro",1,1.4,2021-12-12,"Básico",FALSE,2,8,"Flexible"
438,"Femenino",32,"Neuquén",6,1.1,2021-11-03,"Intermedio",FALSE,24,9,"Estricta"
439,"Masculino",63,"La Rioja",3,1.6,2022-12-29,"Intermedio",FALSE,8,5,"Estricta"
440,"Masculino",40,"Córdoba",6,2,2021-01-25,"Básico",FALSE,48,5,"Estricta"
441,"Masculino",50,"Catamarca",8,3.4,2021-05-08,"Básico",FALSE,12,9,"Moderada"
442,"Masculino",29,"Entre Ríos",1,2,2024-02-19,"Completo",FALSE,48,15,"Estricta"
443,"Femenino",70,"La Rioja",1,4.1,2019-05-11,"Básico",TRUE,48,2,"Flexible"
444,"Femenino",46,"Buenos Aires",9,3.3,2017-10-30,"Intermedio",FALSE,2,11,"Estricta"
445,"Femenino",74,"Neuquén",3,2.8,2019-01-18,"Básico",FALSE,2,9,"Moderada"
446,"Femenino",38,"Río Negro",8,4.3,2017-02-10,"Completo",TRUE,48,7,"Flexible"
447,"Femenino",26,"Buenos Aires",8,3,2023-05-15,"Básico",TRUE,1,14,"Flexible"
448,"Femenino",51,"Santa Cruz",1,3.5,2017-06-04,"Intermedio",FALSE,24,15,"Flexible"
449,"Masculino",26,"Tierra del Fuego",6,2.7,2020-08-24,"Completo",FALSE,4,13,"Moderada"
450,"Femenino",68,"Salta",5,1.6,2022-03-17,"Completo",FALSE,24,9,"Moderada"
451,"Femenino",62,"Mendoza",6,2.6,2024-02-16,"Intermedio",TRUE,12,10,"Estricta"
452,"Femenino",41,"Jujuy",3,1.9,2020-07-17,"Intermedio",FALSE,12,11,"Estricta"
453,"Femenino",28,"Río Negro",6,1,2021-07-06,"Básico",FALSE,2,15,"Flexible"
454,"Masculino",59,"Córdoba",6,4.9,2024-02-26,"Completo",FALSE,48,4,"Estricta"
455,"Masculino",40,"San Luis",1,2.7,2020-02-27,"Básico",FALSE,12,3,"Estricta"
456,"Femenino",67,"Entre Ríos",3,1.4,2019-07-20,"Intermedio",TRUE,4,6,"Estricta"
457,"Masculino",54,"La Pampa",7,3.9,2021-08-03,"Intermedio",FALSE,2,7,"Estricta"
458,"Femenino",41,"Río Negro",7,2.9,2021-08-03,"Intermedio",FALSE,4,15,"Flexible"
459,"Femenino",63,"Río Negro",3,2.5,2024-09-02,"Básico",FALSE,1,2,"Flexible"
460,"Femenino",70,"Mendoza",3,2.3,2024-12-02,"Completo",FALSE,12,4,"Moderada"
461,"Femenino",41,"Neuquén",1,3.9,2023-07-29,"Completo",FALSE,1,13,"Estricta"
462,"Femenino",35,"Tierra del Fuego",9,3.5,2024-11-09,"Básico",FALSE,48,5,"Moderada"
463,"Masculino",54,"La Rioja",5,1.3,2024-07-07,"Intermedio",FALSE,48,3,"Moderada"
464,"Masculino",69,"Entre Ríos",8,4.7,2018-06-08,"Básico",FALSE,8,13,"Flexible"
465,"Femenino",69,"Chaco",9,5,2021-09-05,"Intermedio",FALSE,4,7,"Flexible"
466,"Femenino",53,"Neuquén",4,1.9,2021-09-09,"Básico",FALSE,8,10,"Moderada"
467,"Femenino",63,"Jujuy",8,2.9,2019-08-29,"Intermedio",TRUE,4,2,"Estricta"
468,"Femenino",68,"Formosa",8,1,2023-05-07,"Completo",FALSE,8,2,"Estricta"
469,"Masculino",67,"Entre Ríos",8,2.7,2021-11-08,"Completo",FALSE,48,2,"Flexible"
470,"Femenino",64,"Santiago del Estero",9,2.2,2021-04-25,"Intermedio",FALSE,2,15,"Moderada"
471,"Femenino",40,"Salta",10,4.2,2024-06-19,"Intermedio",FALSE,2,5,"Moderada"
472,"Masculino",54,"Entre Ríos",8,1.6,2024-06-07,"Intermedio",FALSE,24,14,"Flexible"
473,"Masculino",46,"Río Negro",5,4.3,2024-01-14,"Completo",FALSE,2,9,"Estricta"
474,"Femenino",37,"Chubut",7,2.3,2021-11-13,"Completo",TRUE,4,8,"Moderada"
475,"Masculino",38,"Misiones",1,3.3,2022-09-26,"Intermedio",FALSE,8,7,"Moderada"
476,"Masculino",56,"CABA",8,1.4,2020-07-22,"Básico",FALSE,4,12,"Moderada"
477,"Femenino",42,"Río Negro",7,1.8,2019-06-29,"Básico",FALSE,2,1,"Moderada"
478,"Femenino",42,"Córdoba",5,4.5,2022-11-25,"Completo",TRUE,1,3,"Estricta"
479,"Masculino",68,"Buenos Aires",7,2.7,2017-08-10,"Completo",FALSE,48,10,"Moderada"
480,"Femenino",36,"La Pampa",8,2,2023-07-20,"Básico",FALSE,4,10,"Moderada"
481,"Femenino",54,"Misiones",4,4,2021-12-08,"Intermedio",FALSE,8,11,"Flexible"
482,"Femenino",73,"Santiago del Estero",10,2.7,2018-02-08,"Básico",TRUE,48,5,"Estricta"
483,"Masculino",64,"Entre Ríos",4,4,2024-12-30,"Básico",FALSE,1,15,"Moderada"
484,"Femenino",50,"Buenos Aires",3,2.3,2022-12-26,"Básico",FALSE,12,9,"Moderada"
485,"Masculino",53,"Misiones",8,3.9,2021-05-04,"Básico",FALSE,1,12,"Flexible"
486,"Masculino",47,"Córdoba",7,1.4,2022-12-30,"Completo",TRUE,24,7,"Flexible"
487,"Femenino",65,"Tucumán",2,4.5,2022-08-29,"Intermedio",FALSE,1,3,"Moderada"
488,"Masculino",64,"Formosa",4,5,2021-08-12,"Básico",FALSE,1,10,"Flexible"
489,"Masculino",67,"CABA",3,1.7,2017-12-23,"Básico",FALSE,24,5,"Moderada"
490,"Masculino",72,"Santa Fe",8,3.6,2020-07-19,"Básico",FALSE,2,6,"Estricta"
491,"Masculino",74,"Formosa",4,2.5,2019-08-05,"Básico",FALSE,8,14,"Moderada"
492,"Femenino",29,"Chaco",9,3.4,2023-10-13,"Completo",FALSE,8,9,"Estricta"
493,"Masculino",26,"Chaco",9,1.3,2024-05-03,"Intermedio",TRUE,1,4,"Flexible"
494,"Masculino",69,"Santa Cruz",5,4.3,2023-04-15,"Intermedio",FALSE,8,6,"Estricta"
495,"Femenino",74,"Tierra del Fuego",10,2.2,2024-09-03,"Intermedio",FALSE,12,1,"Moderada"
496,"Femenino",74,"CABA",2,3.7,2023-06-09,"Completo",FALSE,24,5,"Moderada"
497,"Masculino",43,"Santiago del Estero",8,1.6,2018-09-02,"Completo",TRUE,12,12,"Moderada"
498,"Masculino",28,"Tucumán",10,1.1,2019-01-09,"Intermedio",TRUE,2,8,"Flexible"
499,"Masculino",42,"Tierra del Fuego",7,3.6,2023-09-18,"Básico",TRUE,24,6,"Moderada"
500,"Femenino",27,"La Pampa",6,3.3,2024-02-15,"Completo",FALSE,1,12,"Flexible"
501,"Femenino",70,"Santa Cruz",2,1,2023-03-23,"Completo",FALSE,4,7,"Flexible"
502,"Masculino",27,"Neuquén",1,1.1,2019-07-03,"Intermedio",FALSE,8,1,"Estricta"
503,"Femenino",70,"Catamarca",3,2,2020-04-09,"Intermedio",FALSE,24,11,"Flexible"
504,"Masculino",58,"Misiones",4,3,2022-11-18,"Básico",TRUE,48,14,"Estricta"
505,"Masculino",34,"La Rioja",9,2.8,2019-03-22,"Básico",FALSE,12,2,"Moderada"
506,"Femenino",29,"CABA",5,3.9,2018-02-24,"Intermedio",FALSE,48,15,"Moderada"
507,"Masculino",47,"La Rioja",1,1.5,2022-08-01,"Completo",FALSE,8,12,"Estricta"
508,"Masculino",28,"Tucumán",8,4.3,2023-11-19,"Básico",FALSE,1,8,"Estricta"
509,"Masculino",35,"Tierra del Fuego",7,4.7,2021-10-05,"Intermedio",FALSE,12,6,"Estricta"
510,"Masculino",51,"Neuquén",8,3.9,2017-01-05,"Completo",FALSE,12,5,"Moderada"
511,"Masculino",64,"La Pampa",7,2.7,2022-05-19,"Intermedio",FALSE,2,3,"Estricta"
512,"Masculino",56,"Salta",8,1.1,2024-04-25,"Completo",TRUE,48,7,"Estricta"
513,"Masculino",31,"Tierra del Fuego",8,4.7,2021-10-20,"Completo",TRUE,2,10,"Moderada"
514,"Femenino",31,"Salta",5,2.3,2022-10-09,"Básico",FALSE,48,7,"Moderada"
515,"Femenino",58,"San Luis",3,3,2019-05-01,"Intermedio",FALSE,4,1,"Moderada"
516,"Masculino",67,"Jujuy",7,4.2,2019-11-27,"Intermedio",FALSE,24,2,"Flexible"
517,"Masculino",65,"Santa Fe",7,1,2022-05-28,"Completo",TRUE,12,14,"Moderada"
518,"Femenino",43,"San Juan",7,4.9,2020-09-19,"Completo",FALSE,48,14,"Moderada"
519,"Femenino",36,"La Pampa",4,2.4,2018-02-24,"Completo",FALSE,4,3,"Estricta"
520,"Femenino",71,"Santa Cruz",6,1.2,2021-09-04,"Básico",FALSE,48,10,"Flexible"
521,"Femenino",44,"La Rioja",2,4.1,2017-09-24,"Intermedio",FALSE,4,4,"Estricta"
522,"Masculino",51,"Santiago del Estero",10,4,2020-05-18,"Completo",FALSE,1,6,"Moderada"
523,"Femenino",55,"San Luis",2,4.7,2024-04-16,"Básico",FALSE,24,7,"Estricta"
524,"Femenino",49,"Chaco",7,2.8,2022-04-14,"Básico",FALSE,1,6,"Flexible"
525,"Femenino",40,"Corrientes",8,3.9,2021-04-29,"Completo",FALSE,2,1,"Estricta"
526,"Masculino",59,"Salta",3,4.9,2023-05-18,"Básico",FALSE,12,11,"Flexible"
527,"Masculino",32,"Catamarca",9,3.1,2018-02-24,"Intermedio",FALSE,4,5,"Estricta"
528,"Femenino",37,"Tierra del Fuego",2,4.4,2018-11-05,"Completo",TRUE,48,1,"Moderada"
529,"Femenino",66,"Misiones",1,5,2023-02-09,"Completo",FALSE,48,15,"Moderada"
530,"Masculino",42,"Neuquén",1,4.7,2023-09-30,"Básico",TRUE,24,11,"Estricta"
531,"Masculino",28,"Santiago del Estero",3,4.3,2018-03-03,"Intermedio",FALSE,8,6,"Estricta"
532,"Masculino",42,"Santa Fe",8,4.3,2019-09-15,"Completo",FALSE,4,5,"Flexible"
533,"Femenino",69,"Catamarca",4,3.3,2018-06-13,"Intermedio",FALSE,2,12,"Estricta"
534,"Femenino",42,"Entre Ríos",10,3.1,2022-07-06,"Intermedio",TRUE,2,9,"Moderada"
535,"Femenino",48,"La Rioja",8,2.1,2018-03-15,"Intermedio",FALSE,48,9,"Estricta"
536,"Femenino",49,"San Luis",5,4.2,2020-09-28,"Intermedio",TRUE,48,1,"Flexible"
537,"Femenino",74,"Santa Cruz",1,2.8,2017-05-01,"Básico",FALSE,4,2,"Flexible"
538,"Femenino",67,"Catamarca",10,1.1,2017-10-15,"Básico",TRUE,12,1,"Moderada"
539,"Masculino",48,"Tierra del Fuego",1,1.4,2019-02-25,"Intermedio",FALSE,2,5,"Moderada"
540,"Masculino",48,"San Luis",7,1.2,2019-09-30,"Básico",TRUE,24,13,"Moderada"
541,"Femenino",73,"Catamarca",7,3.6,2019-08-11,"Completo",TRUE,24,8,"Estricta"
542,"Masculino",42,"Río Negro",2,4.3,2024-05-21,"Intermedio",FALSE,8,3,"Flexible"
543,"Masculino",70,"Jujuy",3,2.2,2018-02-19,"Intermedio",TRUE,12,8,"Estricta"
544,"Masculino",66,"Entre Ríos",2,4.4,2018-05-17,"Básico",TRUE,2,4,"Moderada"
545,"Femenino",52,"Jujuy",1,1.9,2022-07-31,"Completo",FALSE,4,2,"Moderada"
546,"Masculino",33,"San Luis",3,4,2023-08-31,"Completo",TRUE,4,10,"Moderada"
547,"Femenino",49,"Catamarca",9,4.9,2022-12-15,"Básico",TRUE,8,3,"Flexible"
548,"Masculino",66,"Neuquén",10,3.6,2024-08-24,"Intermedio",FALSE,2,6,"Moderada"
549,"Femenino",29,"CABA",5,2.2,2018-05-26,"Completo",FALSE,8,11,"Estricta"
550,"Femenino",68,"Tucumán",9,4.5,2017-12-13,"Completo",FALSE,12,13,"Moderada"
551,"Femenino",60,"Chubut",3,3.9,2017-07-14,"Intermedio",FALSE,2,15,"Moderada"
552,"Femenino",65,"Neuquén",8,4,2023-01-01,"Intermedio",FALSE,12,13,"Moderada"
553,"Masculino",74,"Corrientes",5,1.7,2017-09-21,"Intermedio",FALSE,12,14,"Moderada"
554,"Femenino",51,"Misiones",7,3,2019-11-03,"Básico",FALSE,2,8,"Estricta"
555,"Femenino",63,"La Pampa",5,1.9,2023-12-04,"Intermedio",FALSE,2,11,"Estricta"
556,"Masculino",49,"Tucumán",10,4.4,2021-02-10,"Intermedio",FALSE,8,10,"Flexible"
557,"Masculino",75,"Salta",2,2.1,2022-08-04,"Intermedio",FALSE,8,11,"Estricta"
558,"Femenino",66,"Chaco",10,2.4,2017-09-07,"Completo",FALSE,2,7,"Flexible"
559,"Femenino",59,"Salta",4,1.3,2023-04-19,"Básico",TRUE,24,1,"Moderada"
560,"Masculino",42,"Buenos Aires",4,2.4,2022-09-10,"Completo",TRUE,48,2,"Estricta"
561,"Masculino",34,"Mendoza",2,1.7,2017-07-08,"Básico",FALSE,48,11,"Estricta"
562,"Masculino",61,"Mendoza",4,2.6,2022-01-14,"Intermedio",TRUE,12,11,"Flexible"
563,"Masculino",48,"Chaco",7,1.7,2020-12-12,"Básico",FALSE,2,7,"Flexible"
564,"Femenino",46,"Chubut",6,3.6,2019-12-09,"Básico",FALSE,2,2,"Estricta"
565,"Femenino",44,"San Juan",1,3.9,2019-07-27,"Intermedio",TRUE,1,15,"Moderada"
566,"Masculino",30,"Entre Ríos",7,2.3,2020-11-20,"Completo",FALSE,1,4,"Moderada"
567,"Femenino",58,"Tucumán",8,3,2019-02-21,"Básico",FALSE,48,7,"Estricta"
568,"Femenino",57,"Neuquén",6,2.6,2023-09-03,"Básico",FALSE,4,12,"Estricta"
569,"Masculino",42,"Entre Ríos",1,3.5,2024-06-24,"Básico",FALSE,24,8,"Estricta"
570,"Masculino",64,"Buenos Aires",5,4.3,2019-08-31,"Intermedio",FALSE,1,3,"Flexible"
571,"Masculino",57,"Chaco",6,2.8,2019-10-12,"Básico",FALSE,2,10,"Flexible"
572,"Masculino",74,"Catamarca",1,3.1,2020-09-02,"Básico",FALSE,4,10,"Flexible"
573,"Femenino",75,"Jujuy",10,1.2,2020-08-22,"Completo",FALSE,12,8,"Moderada"
574,"Femenino",63,"Córdoba",10,2.6,2021-04-13,"Básico",FALSE,1,14,"Flexible"
575,"Masculino",42,"Jujuy",10,1.8,2021-05-09,"Intermedio",FALSE,12,7,"Moderada"
576,"Masculino",39,"CABA",6,4.1,2018-11-23,"Intermedio",FALSE,1,13,"Estricta"
577,"Masculino",26,"San Luis",7,4.8,2023-05-14,"Básico",TRUE,2,5,"Estricta"
578,"Masculino",41,"La Rioja",4,4.6,2021-12-02,"Completo",FALSE,4,15,"Flexible"
579,"Masculino",51,"Chubut",5,1.3,2019-09-18,"Completo",TRUE,1,14,"Estricta"
580,"Femenino",72,"Misiones",4,4.8,2022-04-14,"Intermedio",FALSE,24,15,"Estricta"
581,"Femenino",48,"Tierra del Fuego",3,1.2,2024-01-31,"Completo",FALSE,48,1,"Flexible"
582,"Masculino",39,"La Pampa",3,4.4,2020-05-31,"Intermedio",FALSE,1,15,"Flexible"
583,"Masculino",44,"Corrientes",7,2.8,2022-01-27,"Básico",FALSE,2,11,"Estricta"
584,"Masculino",33,"La Pampa",4,1.6,2023-10-20,"Intermedio",FALSE,8,7,"Estricta"
585,"Femenino",73,"Santiago del Estero",9,1.2,2017-09-08,"Intermedio",FALSE,24,10,"Estricta"
586,"Masculino",29,"Río Negro",2,1.4,2018-01-01,"Intermedio",FALSE,24,2,"Moderada"
587,"Femenino",31,"Tierra del Fuego",10,2.1,2017-05-04,"Básico",TRUE,8,15,"Estricta"
588,"Masculino",72,"Salta",7,1.6,2022-06-16,"Completo",TRUE,1,5,"Estricta"
589,"Femenino",26,"Tucumán",5,2.5,2024-09-19,"Básico",TRUE,2,7,"Flexible"
590,"Masculino",60,"Tucumán",9,2.2,2021-05-01,"Básico",FALSE,8,10,"Flexible"
591,"Masculino",67,"Formosa",3,4.7,2020-09-21,"Intermedio",TRUE,4,7,"Moderada"
592,"Femenino",38,"Entre Ríos",1,3.6,2024-06-04,"Básico",FALSE,1,7,"Estricta"
593,"Masculino",58,"Tierra del Fuego",5,1.6,2020-09-23,"Completo",FALSE,4,14,"Moderada"
594,"Femenino",33,"CABA",6,3.8,2021-10-07,"Completo",FALSE,8,5,"Flexible"
595,"Femenino",63,"Buenos Aires",7,1.5,2024-07-08,"Básico",FALSE,4,12,"Estricta"
596,"Femenino",25,"Buenos Aires",7,1.3,2021-09-19,"Completo",FALSE,48,10,"Moderada"
597,"Femenino",29,"San Juan",5,2.1,2021-11-04,"Intermedio",FALSE,48,14,"Flexible"
598,"Femenino",46,"Tierra del Fuego",7,3.3,2018-12-10,"Básico",FALSE,24,6,"Flexible"
599,"Femenino",67,"Santa Fe",4,1.8,2024-02-25,"Completo",FALSE,4,1,"Estricta"
600,"Femenino",66,"Salta",7,4.2,2020-01-11,"Completo",FALSE,48,15,"Moderada"
601,"Femenino",31,"Chaco",2,2.4,2024-07-10,"Intermedio",FALSE,1,7,"Moderada"
602,"Femenino",66,"Santa Fe",8,2.2,2022-04-10,"Básico",FALSE,48,5,"Moderada"
603,"Masculino",33,"CABA",6,1,2017-08-14,"Básico",FALSE,1,3,"Flexible"
604,"Femenino",61,"Río Negro",2,4.4,2019-12-01,"Intermedio",FALSE,48,13,"Estricta"
605,"Femenino",49,"Chubut",1,3.7,2022-05-12,"Completo",FALSE,24,12,"Moderada"
606,"Femenino",49,"Santa Fe",8,2.3,2020-01-27,"Completo",FALSE,2,1,"Estricta"
607,"Femenino",38,"Tierra del Fuego",5,3.6,2020-03-10,"Básico",FALSE,4,13,"Estricta"
608,"Femenino",72,"Chubut",5,1.8,2021-05-07,"Completo",FALSE,2,14,"Flexible"
609,"Masculino",74,"Chubut",9,3.7,2017-01-13,"Completo",FALSE,4,9,"Moderada"
610,"Femenino",39,"Río Negro",10,4.7,2019-07-28,"Básico",TRUE,2,15,"Moderada"
611,"Femenino",72,"Catamarca",3,3.8,2017-05-17,"Completo",FALSE,8,13,"Estricta"
612,"Masculino",67,"Neuquén",9,1.5,2022-01-31,"Completo",FALSE,48,13,"Flexible"
613,"Femenino",36,"Tierra del Fuego",10,2.1,2019-12-02,"Completo",FALSE,12,8,"Flexible"
614,"Femenino",34,"Mendoza",10,3,2021-05-30,"Completo",TRUE,48,11,"Flexible"
615,"Masculino",36,"Santiago del Estero",8,4.5,2020-06-23,"Completo",FALSE,2,3,"Flexible"
616,"Femenino",66,"San Juan",3,5,2023-11-05,"Intermedio",FALSE,24,1,"Flexible"
617,"Femenino",49,"Formosa",9,3.1,2017-08-10,"Básico",FALSE,48,4,"Flexible"
618,"Femenino",41,"La Pampa",9,1.8,2021-02-17,"Completo",FALSE,24,7,"Estricta"
619,"Masculino",63,"Chaco",1,4.5,2021-04-25,"Intermedio",FALSE,2,1,"Flexible"
620,"Masculino",40,"Neuquén",10,3,2017-11-11,"Intermedio",FALSE,4,6,"Estricta"
621,"Masculino",45,"Tierra del Fuego",8,2.6,2021-12-15,"Completo",TRUE,12,3,"Moderada"
622,"Masculino",53,"Mendoza",1,4.5,2020-11-13,"Básico",TRUE,8,15,"Flexible"
623,"Femenino",52,"Formosa",7,2.7,2018-02-23,"Completo",FALSE,1,7,"Estricta"
624,"Femenino",39,"Jujuy",9,1.2,2017-05-18,"Básico",FALSE,24,14,"Moderada"
625,"Femenino",64,"Tucumán",10,4.4,2019-12-10,"Completo",FALSE,1,14,"Moderada"
626,"Masculino",42,"Chubut",4,4.2,2023-06-23,"Completo",TRUE,4,6,"Flexible"
627,"Masculino",52,"Formosa",6,2.4,2020-12-25,"Intermedio",FALSE,4,2,"Estricta"
628,"Masculino",35,"La Rioja",1,3.2,2020-09-24,"Básico",FALSE,48,11,"Flexible"
629,"Femenino",46,"Mendoza",10,3.6,2019-03-23,"Básico",FALSE,4,12,"Moderada"
630,"Masculino",41,"San Juan",6,3.1,2018-07-09,"Intermedio",FALSE,2,3,"Flexible"
631,"Masculino",33,"Entre Ríos",3,3.4,2017-08-06,"Completo",TRUE,1,4,"Estricta"
632,"Masculino",48,"CABA",6,1.3,2023-09-09,"Básico",TRUE,12,2,"Moderada"
633,"Masculino",30,"Neuquén",4,2.1,2023-11-14,"Completo",FALSE,4,14,"Estricta"
634,"Masculino",65,"Tucumán",10,2.4,2020-02-13,"Completo",FALSE,12,15,"Estricta"
635,"Masculino",38,"Entre Ríos",9,1.3,2021-05-10,"Completo",FALSE,12,5,"Moderada"
636,"Masculino",69,"Chubut",3,3.8,2023-06-16,"Intermedio",TRUE,1,2,"Estricta"
637,"Masculino",47,"Chubut",10,2.7,2023-12-08,"Completo",FALSE,8,15,"Estricta"
638,"Femenino",53,"Misiones",8,2,2020-11-04,"Básico",FALSE,1,4,"Estricta"
639,"Masculino",42,"Misiones",8,4.7,2022-10-09,"Completo",FALSE,4,4,"Moderada"
640,"Femenino",33,"Tierra del Fuego",3,1.1,2022-08-25,"Intermedio",FALSE,48,10,"Moderada"
641,"Masculino",43,"Tucumán",3,2.3,2018-01-28,"Intermedio",FALSE,2,5,"Moderada"
642,"Femenino",73,"Santa Fe",3,1.6,2022-06-25,"Intermedio",FALSE,4,11,"Moderada"
643,"Femenino",53,"Neuquén",6,4,2024-06-12,"Completo",FALSE,4,14,"Estricta"
644,"Masculino",58,"Córdoba",1,4.7,2022-02-21,"Completo",FALSE,4,11,"Moderada"
645,"Masculino",49,"Santiago del Estero",1,4.1,2018-01-01,"Intermedio",FALSE,12,4,"Estricta"
646,"Femenino",48,"San Luis",4,3.7,2023-01-04,"Completo",FALSE,2,8,"Moderada"
647,"Masculino",54,"Tucumán",8,3.2,2019-07-20,"Intermedio",FALSE,2,7,"Moderada"
648,"Femenino",69,"Río Negro",4,4.6,2022-11-08,"Intermedio",FALSE,8,15,"Moderada"
649,"Femenino",67,"Corrientes",5,2.9,2024-02-09,"Básico",FALSE,4,6,"Moderada"
650,"Femenino",68,"San Luis",7,2,2023-06-08,"Básico",TRUE,12,11,"Estricta"
651,"Masculino",54,"San Luis",4,1.9,2024-12-19,"Completo",FALSE,2,8,"Flexible"
652,"Masculino",40,"Santiago del Estero",1,2,2018-10-31,"Intermedio",FALSE,1,15,"Estricta"
653,"Femenino",70,"Catamarca",4,3.2,2023-12-17,"Básico",TRUE,48,10,"Flexible"
654,"Femenino",41,"La Pampa",7,1.9,2021-10-13,"Completo",FALSE,4,10,"Moderada"
655,"Masculino",46,"La Rioja",1,2.9,2021-03-16,"Intermedio",FALSE,24,6,"Estricta"
656,"Femenino",51,"Chaco",3,3.4,2017-11-30,"Básico",TRUE,2,10,"Moderada"
657,"Femenino",51,"Chubut",5,2.8,2017-04-12,"Básico",FALSE,48,6,"Estricta"
658,"Masculino",62,"Río Negro",5,1.6,2018-05-28,"Básico",FALSE,48,5,"Flexible"
659,"Femenino",62,"Misiones",3,1.7,2017-04-11,"Básico",FALSE,8,1,"Moderada"
660,"Masculino",28,"Corrientes",9,2.3,2021-03-03,"Intermedio",TRUE,12,4,"Flexible"
661,"Femenino",53,"Salta",3,1.8,2023-09-21,"Básico",TRUE,1,4,"Flexible"
662,"Masculino",50,"Entre Ríos",2,3.2,2022-08-13,"Básico",FALSE,4,12,"Moderada"
663,"Masculino",48,"Río Negro",3,3.9,2020-02-26,"Básico",FALSE,8,1,"Moderada"
664,"Masculino",34,"Misiones",8,3.3,2018-10-07,"Completo",FALSE,4,6,"Flexible"
665,"Masculino",71,"Entre Ríos",9,2.5,2020-06-21,"Completo",FALSE,2,9,"Flexible"
666,"Femenino",31,"Salta",5,1.5,2024-04-18,"Intermedio",FALSE,2,5,"Flexible"
667,"Masculino",36,"Tierra del Fuego",6,3.7,2021-03-07,"Completo",FALSE,12,4,"Estricta"
668,"Masculino",43,"Chaco",8,4.9,2019-12-30,"Completo",FALSE,48,12,"Flexible"
669,"Femenino",54,"Tierra del Fuego",2,2.3,2024-03-20,"Intermedio",FALSE,48,9,"Estricta"
670,"Masculino",43,"Río Negro",5,4.9,2018-07-25,"Completo",TRUE,12,9,"Moderada"
671,"Masculino",29,"Chaco",2,2.9,2024-07-30,"Completo",FALSE,12,11,"Moderada"
672,"Masculino",60,"Mendoza",10,2.6,2019-12-05,"Completo",FALSE,4,11,"Flexible"
673,"Femenino",44,"San Juan",7,3.5,2020-01-31,"Básico",FALSE,8,1,"Moderada"
674,"Masculino",47,"Neuquén",5,3.9,2022-03-06,"Intermedio",FALSE,8,12,"Flexible"
675,"Femenino",43,"La Pampa",3,4.7,2023-11-09,"Básico",FALSE,4,12,"Moderada"
676,"Masculino",40,"Formosa",3,1.5,2022-11-01,"Intermedio",FALSE,8,9,"Estricta"
677,"Femenino",55,"La Pampa",9,1.9,2022-01-26,"Intermedio",FALSE,48,11,"Flexible"
678,"Masculino",33,"Tucumán",7,4.7,2021-02-28,"Básico",FALSE,8,11,"Moderada"
679,"Femenino",74,"Chaco",6,4.8,2017-08-05,"Completo",FALSE,1,5,"Moderada"
680,"Femenino",60,"Córdoba",2,3.5,2022-05-28,"Intermedio",FALSE,2,8,"Moderada"
681,"Masculino",29,"Jujuy",10,3.3,2018-08-21,"Intermedio",FALSE,2,1,"Estricta"
682,"Masculino",67,"Tucumán",5,3.1,2023-03-04,"Intermedio",FALSE,48,9,"Moderada"
683,"Masculino",47,"San Luis",5,1.8,2020-05-08,"Básico",FALSE,1,11,"Moderada"
684,"Femenino",38,"Catamarca",9,1.4,2022-05-03,"Intermedio",FALSE,2,10,"Estricta"
685,"Masculino",32,"Entre Ríos",8,4.1,2019-02-24,"Intermedio",TRUE,4,2,"Moderada"
686,"Masculino",30,"Río Negro",9,3,2019-10-23,"Básico",FALSE,24,7,"Moderada"
687,"Femenino",37,"Neuquén",7,3.6,2022-11-21,"Intermedio",FALSE,2,11,"Flexible"
688,"Masculino",47,"Jujuy",10,4.9,2024-02-24,"Intermedio",TRUE,4,10,"Estricta"
689,"Masculino",42,"Río Negro",9,1.1,2021-10-27,"Intermedio",FALSE,2,9,"Estricta"
690,"Femenino",53,"San Juan",4,4.6,2020-05-14,"Completo",FALSE,1,12,"Flexible"
691,"Masculino",36,"La Rioja",2,3,2022-11-02,"Básico",FALSE,24,13,"Moderada"
692,"Masculino",27,"Santiago del Estero",9,3.8,2020-09-08,"Intermedio",TRUE,24,13,"Estricta"
693,"Femenino",38,"Tucumán",5,3.8,2022-08-26,"Completo",FALSE,24,13,"Estricta"
694,"Masculino",31,"Corrientes",7,4.8,2023-06-29,"Completo",FALSE,8,15,"Estricta"
695,"Femenino",53,"Santa Cruz",7,4.9,2024-06-18,"Intermedio",FALSE,4,15,"Moderada"
696,"Femenino",64,"Corrientes",2,2.6,2017-01-05,"Básico",FALSE,24,6,"Flexible"
697,"Masculino",36,"Buenos Aires",5,1.9,2019-10-09,"Intermedio",FALSE,4,6,"Flexible"
698,"Femenino",41,"Santa Cruz",4,4.2,2021-11-24,"Completo",FALSE,12,11,"Flexible"
699,"Femenino",44,"Chubut",3,1.1,2020-07-21,"Básico",FALSE,8,4,"Estricta"
700,"Masculino",29,"San Luis",8,2.1,2019-02-06,"Completo",FALSE,48,1,"Flexible"
701,"Femenino",58,"Córdoba",8,3.2,2020-10-13,"Básico",FALSE,1,4,"Estricta"
702,"Femenino",54,"Río Negro",7,3.7,2023-01-02,"Intermedio",FALSE,48,8,"Estricta"
703,"Femenino",52,"Neuquén",1,4,2019-02-11,"Completo",FALSE,8,8,"Estricta"
704,"Femenino",44,"Jujuy",9,3.7,2018-08-27,"Básico",FALSE,12,7,"Flexible"
705,"Masculino",48,"Neuquén",7,2.1,2017-09-01,"Intermedio",FALSE,4,11,"Moderada"
706,"Masculino",63,"Río Negro",7,4.1,2020-04-21,"Intermedio",FALSE,12,15,"Estricta"
707,"Masculino",39,"Río Negro",8,2.2,2023-02-12,"Intermedio",FALSE,1,15,"Estricta"
708,"Masculino",42,"Salta",7,3.3,2023-10-09,"Completo",FALSE,2,8,"Flexible"
709,"Masculino",30,"Buenos Aires",2,2.8,2017-08-29,"Completo",TRUE,2,1,"Moderada"
710,"Femenino",36,"San Luis",4,2,2023-05-31,"Intermedio",TRUE,8,13,"Flexible"
711,"Femenino",35,"Catamarca",3,3.1,2017-07-15,"Completo",FALSE,2,4,"Flexible"
712,"Masculino",33,"La Pampa",4,2.5,2021-05-11,"Intermedio",FALSE,24,5,"Estricta"
713,"Masculino",54,"Santa Cruz",4,4.1,2024-01-15,"Básico",FALSE,48,13,"Moderada"
714,"Femenino",75,"Tierra del Fuego",1,1.7,2019-11-27,"Completo",FALSE,48,14,"Flexible"
715,"Masculino",57,"CABA",2,4.1,2022-10-01,"Intermedio",FALSE,24,2,"Flexible"
716,"Masculino",26,"Catamarca",9,2.9,2017-04-29,"Básico",FALSE,2,6,"Flexible"
717,"Masculino",33,"Neuquén",9,4.1,2017-01-02,"Básico",FALSE,2,9,"Flexible"
718,"Femenino",69,"Jujuy",7,2.1,2021-05-05,"Completo",FALSE,1,9,"Flexible"
719,"Masculino",48,"San Juan",10,1.3,2024-08-03,"Intermedio",FALSE,8,6,"Estricta"
720,"Femenino",67,"Salta",7,2.7,2024-07-01,"Completo",FALSE,4,13,"Flexible"
721,"Masculino",72,"San Juan",2,3.9,2022-06-17,"Intermedio",FALSE,48,14,"Estricta"
722,"Masculino",27,"Jujuy",1,1.1,2024-03-20,"Intermedio",FALSE,1,4,"Flexible"
723,"Masculino",43,"Chubut",7,1.7,2024-02-25,"Completo",FALSE,48,15,"Flexible"
724,"Femenino",41,"CABA",7,1.7,2022-06-29,"Básico",TRUE,4,6,"Estricta"
725,"Masculino",33,"La Rioja",8,1.6,2018-03-29,"Completo",TRUE,1,2,"Flexible"
726,"Masculino",31,"Corrientes",4,4.4,2021-10-10,"Básico",FALSE,2,5,"Flexible"
727,"Masculino",29,"Entre Ríos",1,4.4,2019-05-26,"Básico",FALSE,8,7,"Estricta"
728,"Masculino",72,"Salta",7,4,2020-09-07,"Intermedio",FALSE,12,8,"Moderada"
729,"Femenino",25,"Salta",9,2.5,2024-05-20,"Intermedio",TRUE,8,15,"Flexible"
730,"Femenino",53,"Salta",8,5,2019-07-30,"Básico",FALSE,1,12,"Moderada"
731,"Femenino",60,"Santa Cruz",2,3.8,2024-04-03,"Intermedio",FALSE,1,3,"Moderada"
732,"Masculino",44,"Tucumán",7,3.4,2020-10-02,"Intermedio",FALSE,24,4,"Flexible"
733,"Masculino",44,"Entre Ríos",4,1.3,2019-09-19,"Intermedio",FALSE,4,7,"Estricta"
734,"Femenino",66,"Chubut",6,4.2,2022-12-20,"Básico",FALSE,2,14,"Moderada"
735,"Femenino",71,"San Luis",3,2.5,2018-04-11,"Completo",FALSE,2,8,"Moderada"
736,"Masculino",67,"Buenos Aires",1,2.5,2023-05-27,"Básico",FALSE,8,4,"Moderada"
737,"Femenino",42,"Santa Fe",2,1.2,2019-05-19,"Intermedio",TRUE,1,3,"Flexible"
738,"Masculino",35,"Santiago del Estero",6,4.9,2019-09-01,"Completo",FALSE,4,2,"Estricta"
739,"Masculino",42,"Chaco",9,1.2,2020-04-12,"Básico",TRUE,8,6,"Moderada"
740,"Femenino",49,"Santa Fe",4,4.9,2020-04-30,"Básico",FALSE,8,15,"Estricta"
741,"Femenino",25,"CABA",4,2.6,2020-05-18,"Básico",FALSE,12,5,"Moderada"
742,"Masculino",62,"Formosa",10,2.5,2019-04-23,"Completo",FALSE,24,1,"Moderada"
743,"Femenino",52,"Corrientes",2,3.7,2022-08-19,"Intermedio",FALSE,48,7,"Estricta"
744,"Femenino",44,"Neuquén",5,1.2,2023-02-21,"Completo",TRUE,48,1,"Flexible"
745,"Femenino",71,"Salta",6,3.3,2018-01-07,"Básico",FALSE,2,5,"Flexible"
746,"Femenino",41,"San Luis",1,2,2018-08-30,"Intermedio",FALSE,1,3,"Moderada"
747,"Masculino",65,"Jujuy",9,2.2,2020-06-01,"Completo",TRUE,1,13,"Moderada"
748,"Femenino",27,"Corrientes",6,1.2,2019-09-03,"Intermedio",FALSE,48,10,"Flexible"
749,"Masculino",34,"Chaco",7,1.8,2018-09-23,"Intermedio",FALSE,48,4,"Moderada"
750,"Masculino",69,"Santa Fe",1,2.2,2021-07-19,"Básico",TRUE,48,4,"Moderada"
751,"Masculino",36,"Neuquén",8,2.8,2017-08-20,"Básico",FALSE,12,8,"Estricta"
752,"Femenino",39,"Santiago del Estero",3,4,2020-01-16,"Intermedio",FALSE,24,8,"Moderada"
753,"Femenino",61,"La Rioja",9,1.8,2024-01-15,"Intermedio",FALSE,24,5,"Moderada"
754,"Femenino",25,"Mendoza",9,4.8,2017-09-20,"Completo",TRUE,2,3,"Moderada"
755,"Femenino",28,"Corrientes",10,2.4,2017-02-10,"Básico",FALSE,1,2,"Flexible"
756,"Masculino",34,"Santiago del Estero",3,3.5,2020-02-04,"Intermedio",TRUE,1,12,"Moderada"
757,"Femenino",60,"Tucumán",2,4.9,2017-02-18,"Intermedio",FALSE,1,8,"Estricta"
758,"Femenino",64,"Corrientes",4,4.1,2023-11-13,"Completo",FALSE,12,10,"Moderada"
759,"Masculino",52,"Mendoza",5,4.6,2018-04-24,"Básico",FALSE,48,12,"Flexible"
760,"Masculino",34,"La Pampa",6,4.7,2021-07-22,"Intermedio",FALSE,48,9,"Estricta"
761,"Femenino",66,"Catamarca",6,1.2,2019-11-21,"Básico",FALSE,1,6,"Moderada"
762,"Femenino",69,"Salta",2,3.6,2024-05-29,"Completo",FALSE,12,14,"Estricta"
763,"Masculino",39,"La Pampa",4,4.5,2023-09-08,"Completo",FALSE,2,14,"Moderada"
764,"Femenino",42,"Chaco",1,1.9,2017-09-26,"Completo",FALSE,48,6,"Estricta"
765,"Femenino",73,"Buenos Aires",4,1.2,2019-08-02,"Básico",FALSE,1,9,"Estricta"
766,"Femenino",35,"La Pampa",2,1.3,2017-01-16,"Básico",FALSE,12,3,"Moderada"
767,"Masculino",60,"Tucumán",8,2.4,2024-10-08,"Básico",FALSE,1,8,"Flexible"
768,"Masculino",52,"Buenos Aires",2,3,2021-07-22,"Intermedio",FALSE,12,3,"Flexible"
769,"Femenino",28,"Formosa",7,1.9,2022-03-26,"Básico",TRUE,2,5,"Moderada"
770,"Femenino",43,"Tierra del Fuego",4,3.2,2024-12-11,"Intermedio",FALSE,4,1,"Moderada"
771,"Masculino",72,"La Rioja",5,4.3,2024-04-12,"Básico",FALSE,1,1,"Flexible"
772,"Femenino",71,"San Juan",3,2.6,2024-12-10,"Completo",FALSE,4,15,"Moderada"
773,"Masculino",56,"Santa Fe",6,2.6,2024-03-02,"Intermedio",TRUE,8,12,"Estricta"
774,"Femenino",54,"Catamarca",1,3.6,2017-07-15,"Completo",FALSE,1,2,"Moderada"
775,"Femenino",68,"Tucumán",9,4.5,2017-12-27,"Completo",FALSE,24,8,"Moderada"
776,"Masculino",57,"Neuquén",8,3.4,2023-05-16,"Intermedio",FALSE,2,3,"Estricta"
777,"Femenino",49,"Córdoba",7,1.6,2019-07-06,"Completo",FALSE,2,5,"Moderada"
778,"Masculino",69,"La Rioja",6,4.8,2022-02-11,"Completo",FALSE,12,2,"Estricta"
779,"Masculino",35,"Mendoza",7,1.3,2018-05-26,"Intermedio",FALSE,24,7,"Estricta"
780,"Masculino",27,"Entre Ríos",5,2.8,2023-05-04,"Completo",FALSE,24,12,"Flexible"
781,"Masculino",60,"San Luis",2,1.8,2020-06-12,"Completo",FALSE,2,10,"Flexible"
782,"Femenino",45,"Chubut",9,3.8,2021-10-09,"Intermedio",TRUE,24,2,"Moderada"
783,"Masculino",49,"Tucumán",6,2.2,2024-03-29,"Intermedio",FALSE,4,6,"Estricta"
784,"Masculino",32,"Misiones",10,3,2018-10-05,"Completo",FALSE,48,3,"Flexible"
785,"Masculino",38,"Río Negro",2,2.8,2020-10-08,"Intermedio",FALSE,24,14,"Estricta"
786,"Masculino",53,"Catamarca",10,4.9,2019-04-26,"Intermedio",FALSE,4,8,"Flexible"
787,"Masculino",41,"Salta",8,3.8,2020-01-17,"Básico",TRUE,2,10,"Flexible"
788,"Masculino",58,"Chaco",1,1.6,2018-03-16,"Completo",TRUE,24,13,"Moderada"
789,"Femenino",34,"Formosa",9,3.5,2017-11-10,"Completo",FALSE,4,13,"Flexible"
790,"Femenino",46,"La Pampa",1,1.8,2018-11-27,"Intermedio",FALSE,2,6,"Estricta"
791,"Masculino",74,"Santiago del Estero",7,3.6,2019-06-30,"Básico",FALSE,12,15,"Flexible"
792,"Femenino",56,"San Juan",8,3.1,2019-05-03,"Básico",FALSE,2,5,"Moderada"
793,"Femenino",57,"Mendoza",7,3.6,2020-06-01,"Completo",FALSE,48,14,"Estricta"
794,"Masculino",75,"Mendoza",4,3.9,2018-10-23,"Intermedio",FALSE,2,6,"Moderada"
795,"Masculino",66,"La Pampa",10,4,2019-07-06,"Completo",FALSE,4,4,"Flexible"
796,"Masculino",31,"Santa Cruz",7,4.4,2021-09-28,"Intermedio",TRUE,24,14,"Moderada"
797,"Masculino",67,"Formosa",6,4.6,2017-04-11,"Intermedio",FALSE,12,6,"Moderada"
798,"Masculino",55,"Salta",8,4.4,2020-09-13,"Intermedio",TRUE,24,3,"Flexible"
799,"Masculino",75,"Misiones",3,4.1,2020-05-13,"Intermedio",FALSE,24,9,"Estricta"
800,"Femenino",36,"Mendoza",10,3.7,2024-02-05,"Intermedio",FALSE,1,6,"Moderada"
801,"Masculino",32,"Jujuy",5,4.3,2019-10-22,"Básico",TRUE,1,1,"Moderada"
802,"Masculino",55,"Tierra del Fuego",1,1.5,2022-09-11,"Intermedio",FALSE,24,12,"Estricta"
803,"Femenino",67,"San Juan",9,4.9,2021-05-10,"Básico",FALSE,2,10,"Estricta"
804,"Femenino",62,"Misiones",1,2.3,2020-10-20,"Básico",FALSE,12,2,"Estricta"
805,"Masculino",70,"Río Negro",7,3.2,2022-08-28,"Completo",FALSE,1,6,"Estricta"
806,"Masculino",63,"Córdoba",3,3,2022-05-23,"Básico",FALSE,1,9,"Estricta"
807,"Femenino",75,"Corrientes",9,2.6,2017-09-17,"Básico",FALSE,4,3,"Estricta"
808,"Femenino",44,"La Rioja",2,4.2,2024-09-20,"Intermedio",FALSE,12,15,"Estricta"
809,"Masculino",35,"Neuquén",6,2.1,2021-03-04,"Básico",FALSE,8,7,"Moderada"
810,"Masculino",31,"Formosa",7,4.3,2019-11-08,"Básico",TRUE,24,15,"Flexible"
811,"Femenino",33,"Santa Cruz",2,3.7,2020-11-05,"Completo",FALSE,4,6,"Flexible"
812,"Masculino",74,"Misiones",8,1.5,2020-09-19,"Básico",FALSE,48,9,"Moderada"
813,"Femenino",65,"Tucumán",4,2.7,2024-10-20,"Básico",FALSE,24,6,"Moderada"
814,"Femenino",30,"Corrientes",1,4,2021-03-30,"Básico",FALSE,24,1,"Estricta"
815,"Masculino",38,"Córdoba",5,1.8,2021-07-09,"Intermedio",FALSE,48,1,"Flexible"
816,"Masculino",72,"Misiones",10,1.1,2022-04-27,"Intermedio",FALSE,4,2,"Moderada"
817,"Masculino",29,"Tierra del Fuego",10,1.2,2017-05-08,"Completo",FALSE,1,15,"Estricta"
818,"Masculino",29,"Chubut",6,2.5,2018-01-12,"Básico",FALSE,1,8,"Moderada"
819,"Masculino",28,"Buenos Aires",1,1.3,2020-02-26,"Intermedio",TRUE,48,7,"Moderada"
820,"Masculino",58,"La Rioja",5,3.2,2022-07-05,"Intermedio",FALSE,4,11,"Estricta"
821,"Femenino",70,"Entre Ríos",6,4.9,2020-08-20,"Intermedio",TRUE,1,8,"Estricta"
822,"Femenino",51,"La Pampa",10,4,2018-04-14,"Básico",FALSE,48,4,"Flexible"
823,"Masculino",63,"San Luis",8,3.5,2023-09-20,"Básico",FALSE,12,7,"Moderada"
824,"Masculino",46,"Corrientes",4,3.2,2017-08-13,"Completo",TRUE,48,1,"Flexible"
825,"Masculino",40,"Mendoza",7,2.3,2019-11-03,"Intermedio",FALSE,24,2,"Estricta"
826,"Femenino",50,"Misiones",10,3.3,2020-07-02,"Completo",FALSE,2,6,"Moderada"
827,"Femenino",25,"Buenos Aires",10,1.5,2021-02-06,"Básico",FALSE,1,11,"Flexible"
828,"Masculino",33,"Salta",8,2.6,2023-03-20,"Básico",FALSE,24,12,"Flexible"
829,"Femenino",40,"Entre Ríos",4,4.3,2023-08-22,"Completo",FALSE,12,14,"Estricta"
830,"Femenino",37,"Chubut",8,4.8,2019-04-01,"Completo",FALSE,24,15,"Estricta"
831,"Masculino",55,"Santa Cruz",5,3.7,2017-11-08,"Intermedio",FALSE,8,15,"Flexible"
832,"Masculino",75,"Río Negro",3,4.7,2017-04-02,"Completo",FALSE,2,2,"Moderada"
833,"Femenino",68,"Tierra del Fuego",8,2.7,2024-05-16,"Completo",FALSE,12,3,"Flexible"
834,"Femenino",54,"San Juan",5,3.1,2017-01-15,"Intermedio",FALSE,12,6,"Estricta"
835,"Femenino",61,"Formosa",8,3.3,2021-11-04,"Básico",TRUE,4,12,"Estricta"
836,"Femenino",74,"La Pampa",6,3.4,2017-12-02,"Intermedio",FALSE,4,9,"Moderada"
837,"Femenino",48,"Santiago del Estero",2,3.4,2019-06-28,"Básico",FALSE,12,14,"Flexible"
838,"Masculino",44,"Salta",10,1,2017-11-27,"Básico",TRUE,4,8,"Flexible"
839,"Masculino",41,"Formosa",4,1.7,2024-06-15,"Intermedio",FALSE,8,4,"Estricta"
840,"Masculino",67,"San Luis",1,2.6,2024-10-14,"Completo",FALSE,2,3,"Flexible"
841,"Femenino",46,"Entre Ríos",6,3.3,2018-03-17,"Básico",TRUE,1,1,"Moderada"
842,"Femenino",28,"CABA",8,3.4,2019-08-02,"Completo",FALSE,1,1,"Moderada"
843,"Masculino",47,"Misiones",10,1.6,2017-03-04,"Completo",FALSE,8,4,"Moderada"
844,"Femenino",61,"Santa Cruz",8,2.7,2018-11-02,"Intermedio",FALSE,2,6,"Moderada"
845,"Femenino",73,"La Pampa",1,2.5,2019-11-08,"Intermedio",FALSE,4,3,"Moderada"
846,"Femenino",49,"Formosa",6,2.3,2017-03-06,"Intermedio",TRUE,1,11,"Flexible"
847,"Masculino",71,"San Luis",8,3.2,2024-09-01,"Completo",FALSE,1,13,"Estricta"
848,"Masculino",41,"Tucumán",5,4.5,2024-11-15,"Básico",FALSE,8,4,"Estricta"
849,"Masculino",39,"Salta",8,2.4,2022-08-31,"Básico",TRUE,2,3,"Moderada"
850,"Femenino",72,"La Pampa",4,3.9,2021-03-01,"Básico",FALSE,2,10,"Moderada"
851,"Masculino",30,"Salta",1,3.9,2020-04-17,"Básico",FALSE,4,12,"Estricta"
852,"Femenino",69,"La Pampa",6,1.5,2019-02-11,"Completo",FALSE,24,1,"Estricta"
853,"Masculino",33,"Formosa",9,2.4,2024-02-20,"Básico",FALSE,12,1,"Moderada"
854,"Masculino",40,"Salta",2,4.7,2024-12-21,"Completo",FALSE,48,1,"Flexible"
855,"Masculino",27,"Chubut",10,4.5,2021-09-18,"Intermedio",FALSE,4,7,"Estricta"
856,"Femenino",62,"Formosa",1,2.3,2018-04-27,"Completo",FALSE,24,7,"Moderada"
857,"Femenino",65,"San Juan",9,4,2024-04-23,"Intermedio",TRUE,1,2,"Flexible"
858,"Masculino",27,"Río Negro",4,3.6,2019-04-09,"Básico",FALSE,1,8,"Moderada"
859,"Femenino",33,"San Luis",4,4.9,2017-07-08,"Intermedio",TRUE,8,9,"Estricta"
860,"Femenino",27,"La Rioja",4,2.4,2017-03-05,"Intermedio",FALSE,12,14,"Flexible"
861,"Masculino",51,"Jujuy",1,2.3,2022-09-14,"Completo",FALSE,48,8,"Flexible"
862,"Masculino",52,"Misiones",6,4.6,2017-10-30,"Intermedio",FALSE,2,10,"Flexible"
863,"Femenino",61,"Río Negro",2,1.3,2023-07-20,"Intermedio",FALSE,1,4,"Moderada"
864,"Masculino",66,"Santa Fe",1,1.2,2022-04-02,"Completo",FALSE,2,5,"Estricta"
865,"Femenino",32,"Misiones",7,2.4,2024-04-03,"Básico",FALSE,2,2,"Moderada"
866,"Femenino",50,"Neuquén",5,3.9,2017-04-19,"Básico",FALSE,8,13,"Flexible"
867,"Femenino",73,"Catamarca",4,2.2,2022-07-07,"Intermedio",FALSE,24,10,"Flexible"
868,"Femenino",74,"San Juan",7,2.7,2023-10-04,"Intermedio",FALSE,1,11,"Flexible"
869,"Masculino",55,"Santa Cruz",4,3.5,2019-10-26,"Intermedio",FALSE,4,12,"Flexible"
870,"Masculino",40,"Salta",2,5,2017-06-01,"Básico",FALSE,4,9,"Moderada"
871,"Masculino",46,"Salta",5,1.7,2021-03-13,"Básico",FALSE,4,1,"Flexible"
872,"Femenino",48,"Neuquén",7,1.2,2020-08-10,"Completo",FALSE,4,2,"Estricta"
873,"Masculino",32,"Neuquén",3,3.8,2020-02-06,"Básico",FALSE,4,11,"Estricta"
874,"Masculino",44,"Chubut",7,1.4,2021-06-15,"Intermedio",FALSE,4,12,"Moderada"
875,"Masculino",54,"Neuquén",8,3.7,2024-01-09,"Básico",FALSE,4,6,"Moderada"
876,"Femenino",66,"CABA",6,1.9,2023-11-12,"Básico",FALSE,2,2,"Moderada"
877,"Masculino",34,"Mendoza",6,4.1,2023-12-25,"Básico",FALSE,24,15,"Estricta"
878,"Masculino",40,"Tierra del Fuego",4,4.4,2022-03-07,"Básico",FALSE,4,9,"Estricta"
879,"Femenino",50,"Buenos Aires",1,2.7,2023-06-15,"Completo",FALSE,48,3,"Moderada"
880,"Femenino",25,"San Luis",9,4.3,2023-04-25,"Básico",FALSE,24,7,"Flexible"
881,"Masculino",27,"Entre Ríos",8,1.8,2017-11-11,"Básico",FALSE,4,8,"Estricta"
882,"Femenino",57,"CABA",10,4.3,2018-01-07,"Completo",FALSE,48,2,"Moderada"
883,"Masculino",62,"Salta",6,3.6,2022-03-18,"Completo",FALSE,12,1,"Moderada"
884,"Femenino",37,"Neuquén",5,1.4,2023-08-21,"Intermedio",FALSE,1,2,"Estricta"
885,"Masculino",33,"Formosa",1,1.6,2018-11-10,"Completo",FALSE,12,14,"Moderada"
886,"Femenino",31,"Corrientes",7,3.8,2019-11-24,"Intermedio",FALSE,1,1,"Estricta"
887,"Femenino",29,"Chubut",7,1.3,2023-08-24,"Básico",FALSE,4,5,"Moderada"
888,"Masculino",71,"Salta",9,2.2,2017-07-27,"Completo",FALSE,1,5,"Moderada"
889,"Masculino",48,"Mendoza",7,4.1,2024-04-23,"Completo",FALSE,48,10,"Flexible"
890,"Masculino",47,"Córdoba",8,4,2020-01-11,"Básico",FALSE,12,8,"Moderada"
891,"Masculino",58,"Tierra del Fuego",7,1.1,2019-03-23,"Básico",FALSE,48,12,"Flexible"
892,"Femenino",75,"CABA",3,2.1,2019-02-16,"Básico",FALSE,12,1,"Moderada"
893,"Femenino",61,"Jujuy",3,1.4,2018-08-10,"Básico",FALSE,4,14,"Flexible"
894,"Femenino",74,"Neuquén",7,1.8,2020-02-03,"Básico",FALSE,24,3,"Estricta"
895,"Masculino",75,"Chaco",7,1.2,2017-06-30,"Completo",FALSE,48,1,"Flexible"
896,"Femenino",65,"Jujuy",10,1.6,2017-08-15,"Intermedio",FALSE,12,14,"Estricta"
897,"Femenino",72,"Misiones",1,2.5,2019-02-11,"Básico",FALSE,24,11,"Estricta"
898,"Femenino",58,"Río Negro",5,2,2019-12-07,"Básico",FALSE,4,4,"Moderada"
899,"Masculino",74,"Córdoba",2,4,2023-04-22,"Básico",TRUE,48,10,"Estricta"
900,"Femenino",61,"Buenos Aires",2,4.8,2024-03-14,"Completo",FALSE,8,11,"Estricta"
901,"Femenino",31,"CABA",7,2.7,2019-10-18,"Completo",FALSE,1,5,"Flexible"
902,"Femenino",74,"La Rioja",2,3,2020-05-29,"Completo",FALSE,48,5,"Flexible"
903,"Masculino",46,"Santiago del Estero",10,4,2019-08-11,"Completo",TRUE,12,10,"Estricta"
904,"Femenino",65,"CABA",9,2.4,2020-04-22,"Intermedio",FALSE,24,1,"Estricta"
905,"Masculino",44,"Jujuy",2,1.2,2021-05-24,"Básico",FALSE,24,4,"Estricta"
906,"Masculino",55,"Santa Cruz",1,3.4,2024-08-31,"Completo",FALSE,1,11,"Estricta"
907,"Masculino",73,"Río Negro",5,4.2,2019-11-06,"Intermedio",FALSE,4,15,"Flexible"
908,"Masculino",39,"Tierra del Fuego",10,4.9,2022-07-28,"Intermedio",FALSE,4,11,"Estricta"
909,"Masculino",58,"Corrientes",3,3.5,2017-08-10,"Intermedio",TRUE,24,2,"Flexible"
910,"Femenino",74,"Río Negro",6,3.2,2018-08-07,"Completo",FALSE,12,15,"Moderada"
911,"Femenino",48,"Tucumán",9,3.4,2022-08-11,"Básico",FALSE,4,14,"Moderada"
912,"Masculino",38,"Salta",2,3.4,2019-12-28,"Intermedio",FALSE,8,14,"Moderada"
913,"Masculino",27,"La Pampa",4,3.9,2020-06-05,"Intermedio",TRUE,2,4,"Estricta"
914,"Masculino",74,"Chubut",1,2.5,2022-03-26,"Completo",FALSE,48,6,"Moderada"
915,"Masculino",48,"Neuquén",7,2,2017-05-01,"Intermedio",FALSE,2,15,"Estricta"
916,"Femenino",62,"Santa Cruz",9,1.8,2018-08-27,"Intermedio",FALSE,24,14,"Flexible"
917,"Masculino",58,"Jujuy",7,2,2024-11-16,"Básico",FALSE,12,8,"Moderada"
918,"Masculino",26,"San Luis",1,4.2,2023-06-08,"Intermedio",FALSE,12,13,"Moderada"
919,"Masculino",52,"Chaco",3,4.3,2021-07-26,"Básico",TRUE,12,7,"Flexible"
920,"Masculino",72,"CABA",3,4.6,2022-08-17,"Completo",FALSE,1,6,"Moderada"
921,"Femenino",66,"Santiago del Estero",5,4.8,2020-10-24,"Básico",FALSE,2,7,"Moderada"
922,"Masculino",47,"Buenos Aires",2,2.5,2018-11-22,"Intermedio",FALSE,24,7,"Moderada"
923,"Femenino",34,"Formosa",4,3.3,2017-05-06,"Intermedio",FALSE,1,13,"Moderada"
924,"Masculino",45,"San Luis",6,3.6,2021-06-02,"Básico",FALSE,1,15,"Moderada"
925,"Masculino",57,"Salta",9,1.4,2021-06-21,"Intermedio",TRUE,8,2,"Estricta"
926,"Femenino",74,"Tierra del Fuego",8,4.3,2020-07-15,"Básico",FALSE,12,10,"Moderada"
927,"Femenino",34,"Córdoba",1,1.3,2023-03-09,"Intermedio",FALSE,8,11,"Flexible"
928,"Femenino",42,"San Juan",5,4.7,2018-06-29,"Completo",FALSE,2,1,"Estricta"
929,"Masculino",34,"Salta",7,4.1,2018-03-09,"Intermedio",FALSE,12,11,"Flexible"
930,"Femenino",65,"San Luis",7,3.2,2023-09-18,"Básico",FALSE,2,13,"Moderada"
931,"Femenino",58,"Tucumán",4,4.3,2023-04-22,"Básico",FALSE,2,1,"Moderada"
932,"Masculino",53,"Jujuy",9,3.1,2024-06-30,"Básico",FALSE,12,5,"Flexible"
933,"Femenino",48,"Santa Fe",5,2.9,2024-08-27,"Intermedio",TRUE,24,14,"Flexible"
934,"Femenino",25,"San Luis",6,4,2017-03-04,"Completo",FALSE,12,1,"Moderada"
935,"Femenino",32,"Santa Fe",5,3.9,2019-06-07,"Intermedio",FALSE,24,14,"Moderada"
936,"Masculino",37,"Río Negro",6,4.9,2019-12-28,"Completo",FALSE,24,13,"Moderada"
937,"Femenino",61,"Chubut",6,3.4,2017-12-07,"Básico",FALSE,2,11,"Flexible"
938,"Masculino",75,"Entre Ríos",2,3.8,2021-09-14,"Intermedio",FALSE,4,3,"Flexible"
939,"Femenino",61,"Río Negro",1,2.9,2023-07-02,"Básico",TRUE,1,15,"Flexible"
940,"Masculino",46,"Chaco",2,4.1,2020-04-24,"Básico",TRUE,1,6,"Moderada"
941,"Femenino",64,"Mendoza",3,1.1,2023-09-18,"Intermedio",FALSE,8,3,"Estricta"
942,"Femenino",58,"La Rioja",10,4.3,2023-11-27,"Intermedio",FALSE,12,2,"Moderada"
943,"Masculino",39,"Chaco",7,1.3,2020-08-16,"Intermedio",TRUE,4,6,"Estricta"
944,"Masculino",34,"Tucumán",3,2.8,2024-09-19,"Básico",FALSE,24,10,"Flexible"
945,"Femenino",40,"Jujuy",6,1.2,2024-08-29,"Básico",FALSE,4,6,"Moderada"
946,"Masculino",46,"Chubut",2,2.4,2021-06-18,"Completo",FALSE,2,2,"Estricta"
947,"Masculino",68,"Formosa",4,3,2018-06-24,"Intermedio",FALSE,12,4,"Moderada"
948,"Femenino",66,"Tucumán",2,4,2019-09-18,"Intermedio",FALSE,1,13,"Flexible"
949,"Masculino",35,"Entre Ríos",6,4.5,2020-07-05,"Completo",FALSE,4,1,"Moderada"
950,"Femenino",51,"Córdoba",2,4.1,2021-03-03,"Completo",FALSE,24,8,"Moderada"
951,"Femenino",47,"Córdoba",1,3.6,2024-05-22,"Completo",TRUE,1,13,"Moderada"
952,"Masculino",71,"Buenos Aires",4,3.6,2020-09-24,"Intermedio",FALSE,4,10,"Estricta"
953,"Masculino",35,"Chubut",8,4.6,2022-08-20,"Básico",FALSE,2,14,"Moderada"
954,"Masculino",63,"Mendoza",5,1.3,2019-02-04,"Básico",TRUE,1,3,"Estricta"
955,"Masculino",67,"Río Negro",1,4.4,2020-04-30,"Intermedio",FALSE,2,11,"Estricta"
956,"Femenino",68,"Tierra del Fuego",9,2.4,2022-12-04,"Básico",FALSE,2,11,"Estricta"
957,"Masculino",60,"Río Negro",8,4.6,2022-04-05,"Intermedio",TRUE,12,6,"Estricta"
958,"Masculino",75,"Neuquén",3,3.6,2020-07-24,"Completo",FALSE,24,11,"Moderada"
959,"Masculino",38,"Catamarca",1,4.8,2019-07-24,"Básico",TRUE,8,5,"Estricta"
960,"Femenino",66,"Santa Cruz",1,4.7,2022-01-15,"Completo",TRUE,2,10,"Flexible"
961,"Masculino",57,"Neuquén",10,1.7,2023-11-17,"Intermedio",FALSE,8,6,"Moderada"
962,"Femenino",56,"Misiones",9,3.1,2020-04-28,"Completo",FALSE,12,10,"Estricta"
963,"Masculino",65,"Santa Cruz",5,4.3,2022-04-24,"Intermedio",FALSE,24,12,"Estricta"
964,"Masculino",50,"Misiones",2,4.8,2020-12-17,"Completo",FALSE,4,7,"Moderada"
965,"Femenino",32,"CABA",3,2.1,2023-03-30,"Básico",FALSE,1,12,"Estricta"
966,"Femenino",66,"Mendoza",5,3.3,2023-04-13,"Completo",FALSE,12,10,"Estricta"
967,"Femenino",42,"Misiones",1,3.3,2018-01-05,"Completo",FALSE,8,5,"Flexible"
968,"Femenino",25,"Tucumán",6,2.6,2023-02-07,"Básico",FALSE,4,8,"Flexible"
969,"Femenino",28,"Santa Cruz",5,1,2020-09-12,"Básico",FALSE,24,5,"Moderada"
970,"Femenino",25,"La Rioja",1,3.3,2022-06-11,"Completo",FALSE,24,12,"Flexible"
971,"Masculino",66,"Chaco",7,1.5,2017-10-09,"Completo",FALSE,12,11,"Flexible"
972,"Femenino",41,"Misiones",4,2.5,2021-06-29,"Intermedio",FALSE,2,6,"Flexible"
973,"Femenino",28,"Tucumán",1,3.4,2021-06-21,"Intermedio",FALSE,24,10,"Estricta"
974,"Femenino",28,"Santa Fe",8,4.6,2022-07-23,"Intermedio",TRUE,12,2,"Flexible"
975,"Masculino",62,"Chaco",3,1.1,2023-11-27,"Básico",TRUE,8,10,"Estricta"
976,"Masculino",40,"Formosa",7,2,2017-09-03,"Completo",FALSE,12,5,"Moderada"
977,"Masculino",39,"Río Negro",2,3.9,2020-02-09,"Intermedio",FALSE,8,6,"Flexible"
978,"Masculino",41,"San Juan",1,1.1,2023-12-23,"Básico",FALSE,12,7,"Moderada"
979,"Femenino",63,"Chaco",6,1.8,2023-05-13,"Completo",FALSE,12,10,"Estricta"
980,"Masculino",32,"Santa Cruz",7,4.4,2020-08-03,"Intermedio",FALSE,4,13,"Estricta"
981,"Femenino",74,"Buenos Aires",7,2.8,2017-12-22,"Básico",FALSE,4,1,"Moderada"
982,"Femenino",68,"San Luis",3,1.5,2021-11-25,"Intermedio",FALSE,1,1,"Estricta"
983,"Femenino",58,"Misiones",8,3.7,2019-07-13,"Intermedio",FALSE,12,9,"Estricta"
984,"Femenino",72,"Santa Fe",7,2.5,2022-05-21,"Completo",FALSE,8,12,"Moderada"
985,"Masculino",72,"Formosa",8,4,2022-05-22,"Básico",TRUE,12,3,"Moderada"
986,"Masculino",66,"San Luis",1,3.3,2022-08-30,"Completo",TRUE,24,13,"Flexible"
987,"Femenino",25,"Misiones",2,3.9,2018-11-17,"Básico",FALSE,4,12,"Flexible"
988,"Masculino",56,"La Pampa",5,3,2019-08-31,"Básico",FALSE,1,3,"Moderada"
989,"Femenino",60,"Buenos Aires",5,1.1,2019-02-03,"Básico",TRUE,4,3,"Estricta"
990,"Femenino",42,"Buenos Aires",9,3.4,2019-09-02,"Básico",FALSE,12,12,"Flexible"
991,"Femenino",64,"Santiago del Estero",9,2.6,2023-12-20,"Completo",FALSE,12,3,"Moderada"
992,"Masculino",54,"La Rioja",6,3.2,2020-03-30,"Completo",FALSE,8,11,"Flexible"
993,"Masculino",70,"CABA",5,4,2017-03-07,"Básico",FALSE,12,8,"Flexible"
994,"Femenino",45,"Entre Ríos",9,1.9,2019-01-24,"Básico",FALSE,48,9,"Flexible"
995,"Masculino",54,"La Rioja",3,1.6,2022-02-01,"Intermedio",FALSE,4,3,"Flexible"
996,"Femenino",72,"Buenos Aires",4,3.8,2018-06-17,"Intermedio",TRUE,1,7,"Estricta"
997,"Femenino",67,"Catamarca",8,2.3,2017-08-18,"Intermedio",TRUE,1,12,"Estricta"
998,"Masculino",66,"La Rioja",7,2.6,2018-11-06,"Completo",FALSE,12,12,"Flexible"
999,"Femenino",30,"Santiago del Estero",6,1,2017-02-12,"Básico",FALSE,8,14,"Estricta"
1000,"Femenino",71,"San Juan",4,3.8,2021-04-15,"Básico",FALSE,8,7,"Flexible"
